No,Nama,Rating,Comments,Link
1,BIOAQUA Sheet Mask Hydrating Essence Face Mask Brightening Moisturizing Skin Care Anti aging Masker Wajah(25g/pcs),3,"Barangnya bagus, pengiriman cepet, lain kali di cek lagi ya ada masker yg kebuka jadi cairannya kemana? dan cairannya abis gitu aja",https://shopee.co.id/BIOAQUA-Sheet-Mask-Hydrating-Essence-Face-Mask-Brightening-Moisturizing-Skin-Care-Anti-aging-Masker-Wajah(25g-pcs)-i.297682305.12915474844?sp_atk=f24f602e-bf9d-45e7-a068-c9e50b6dc212&xptdk=f24f602e-bf9d-45e7-a068-c9e50b6dc212
2,BIOAQUA Sheet Mask Hydrating Essence Face Mask Brightening Moisturizing Skin Care Anti aging Masker Wajah(25g/pcs),3,Sorry bintang 3. Basah semua. Ada yg sobek. Pesen dari tgl 14 kirim lama banget. Tgl 30 baru sampe. Itupun tunggu aku chat dulu baru dikirim. Padahal ada yg pesen tgl 25 tgl 27 Uda sampe.,https://shopee.co.id/BIOAQUA-Sheet-Mask-Hydrating-Essence-Face-Mask-Brightening-Moisturizing-Skin-Care-Anti-aging-Masker-Wajah(25g-pcs)-i.297682305.12915474844?sp_atk=f24f602e-bf9d-45e7-a068-c9e50b6dc212&xptdk=f24f602e-bf9d-45e7-a068-c9e50b6dc213
3,BIOAQUA Sheet Mask Hydrating Essence Face Mask Brightening Moisturizing Skin Care Anti aging Masker Wajah(25g/pcs),3,pengiriman cepet barang sesuai pesenan lengkap yang varian peach diatasnya gada bercode nya terus juga yang varian peach bocor,https://shopee.co.id/BIOAQUA-Sheet-Mask-Hydrating-Essence-Face-Mask-Brightening-Moisturizing-Skin-Care-Anti-aging-Masker-Wajah(25g-pcs)-i.297682305.12915474844?sp_atk=f24f602e-bf9d-45e7-a068-c9e50b6dc212&xptdk=f24f602e-bf9d-45e7-a068-c9e50b6dc214
4,BIOAQUA Sheet Mask Hydrating Essence Face Mask Brightening Moisturizing Skin Care Anti aging Masker Wajah(25g/pcs),3,"Produk bagus jujur aku suka tapi aku kecewa jujur aja aku kecewa karena ini ga sesuai sama pesenam aku ini udah 2 kali terjadi yang pertama sheet mask nya kurang 1 sekarang sheet mask nya ga sesuai sama pesenan aku, lain kali tolong diperhatikan lagi ya",https://shopee.co.id/BIOAQUA-Sheet-Mask-Hydrating-Essence-Face-Mask-Brightening-Moisturizing-Skin-Care-Anti-aging-Masker-Wajah(25g-pcs)-i.297682305.12915474844?sp_atk=f24f602e-bf9d-45e7-a068-c9e50b6dc212&xptdk=f24f602e-bf9d-45e7-a068-c9e50b6dc215
5,BIOAQUA Sheet Mask Hydrating Essence Face Mask Brightening Moisturizing Skin Care Anti aging Masker Wajah(25g/pcs),3,"Bagus si tapi pengiriman lama sekali mngknya smpe orang yg msen ini nnyain terus, giliran di cancel udah gbisa. Jdi aku kasih bintang 3",https://shopee.co.id/BIOAQUA-Sheet-Mask-Hydrating-Essence-Face-Mask-Brightening-Moisturizing-Skin-Care-Anti-aging-Masker-Wajah(25g-pcs)-i.297682305.12915474844?sp_atk=f24f602e-bf9d-45e7-a068-c9e50b6dc212&xptdk=f24f602e-bf9d-45e7-a068-c9e50b6dc216
6,BIOAQUA Sheet Mask Hydrating Essence Face Mask Brightening Moisturizing Skin Care Anti aging Masker Wajah(25g/pcs),3,"Pesan apa, dikirim apa, aduh padahal sekelas shopee mall. Ya ampun. Sabar poll pokoknya",https://shopee.co.id/BIOAQUA-Sheet-Mask-Hydrating-Essence-Face-Mask-Brightening-Moisturizing-Skin-Care-Anti-aging-Masker-Wajah(25g-pcs)-i.297682305.12915474844?sp_atk=f24f602e-bf9d-45e7-a068-c9e50b6dc212&xptdk=f24f602e-bf9d-45e7-a068-c9e50b6dc217
7,BIOAQUA Sheet Mask Hydrating Essence Face Mask Brightening Moisturizing Skin Care Anti aging Masker Wajah(25g/pcs),5,"Tadi dah nyoba hasilnya mayan bagus lahh, ada sedikit perubahan, agak bingung di struktur nya tulisannya 45 tapi pas di itung 44 ga slah sih soalnya aku mesen nya emang 44 biji, entahlah wkwk, tadi juga dapet voucher nya mayanlah, cumann rada nyesel aja gara-gara beli nya kurang banyak kalo tau sebagus ini mending langsung lebih banyak aja sekalian",https://shopee.co.id/BIOAQUA-Sheet-Mask-Hydrating-Essence-Face-Mask-Brightening-Moisturizing-Skin-Care-Anti-aging-Masker-Wajah(25g-pcs)-i.297682305.12915474844?sp_atk=f24f602e-bf9d-45e7-a068-c9e50b6dc212&xptdk=f24f602e-bf9d-45e7-a068-c9e50b6dc218
8,BIOAQUA Sheet Mask Hydrating Essence Face Mask Brightening Moisturizing Skin Care Anti aging Masker Wajah(25g/pcs),5,Bagus cocok buat kulit sensitif aku harga terjangkau kualitas oke,https://shopee.co.id/BIOAQUA-Sheet-Mask-Hydrating-Essence-Face-Mask-Brightening-Moisturizing-Skin-Care-Anti-aging-Masker-Wajah(25g-pcs)-i.297682305.12915474844?sp_atk=f24f602e-bf9d-45e7-a068-c9e50b6dc212&xptdk=f24f602e-bf9d-45e7-a068-c9e50b6dc219
9,BIOAQUA Sheet Mask Hydrating Essence Face Mask Brightening Moisturizing Skin Care Anti aging Masker Wajah(25g/pcs),5,"Bisa untuk semua jenis kulit tergantung problem yg sedang di rasakan seperti berjerawat , warna kulit tidak merata dll. Trimakasih bioaqua produk sceancare yg rekomendasi sekali bagi pelajar atau pun pegawai ramah di kantong juga good",https://shopee.co.id/BIOAQUA-Sheet-Mask-Hydrating-Essence-Face-Mask-Brightening-Moisturizing-Skin-Care-Anti-aging-Masker-Wajah(25g-pcs)-i.297682305.12915474844?sp_atk=f24f602e-bf9d-45e7-a068-c9e50b6dc212&xptdk=f24f602e-bf9d-45e7-a068-c9e50b6dc220
10,BIOAQUA Sheet Mask Hydrating Essence Face Mask Brightening Moisturizing Skin Care Anti aging Masker Wajah(25g/pcs),5,"Aku denger kan bioaqua produknya pada bagus2, bismillah aja dipercobaan pertama ini. Tapi mantap, pesanan datang sesuai dengan yang dipesan. Kurir juga baik. Terimakasih ",https://shopee.co.id/BIOAQUA-Sheet-Mask-Hydrating-Essence-Face-Mask-Brightening-Moisturizing-Skin-Care-Anti-aging-Masker-Wajah(25g-pcs)-i.297682305.12915474844?sp_atk=f24f602e-bf9d-45e7-a068-c9e50b6dc212&xptdk=f24f602e-bf9d-45e7-a068-c9e50b6dc221
11,BIOAQUA Sheet Mask Hydrating Essence Face Mask Brightening Moisturizing Skin Care Anti aging Masker Wajah(25g/pcs),5,"Maskernya bagus, harganya terjangkau, memiliki varian rasa yang berbeda, dan expirednya lama, sering ada potongan harga Dan pengiriman juga cepat",https://shopee.co.id/BIOAQUA-Sheet-Mask-Hydrating-Essence-Face-Mask-Brightening-Moisturizing-Skin-Care-Anti-aging-Masker-Wajah(25g-pcs)-i.297682305.12915474844?sp_atk=f24f602e-bf9d-45e7-a068-c9e50b6dc212&xptdk=f24f602e-bf9d-45e7-a068-c9e50b6dc222
12,BIOAQUA Sheet Mask Hydrating Essence Face Mask Brightening Moisturizing Skin Care Anti aging Masker Wajah(25g/pcs),4,"Bioaqua ini sangat membantu para kalangan muda saat ini untuk selalu tampil cantik, dengan menggunakan masker ini dapat membuat wajah lebih fresh lembut kencang dan membuat diri lebih percaya diri Terimakasih",https://shopee.co.id/BIOAQUA-Sheet-Mask-Hydrating-Essence-Face-Mask-Brightening-Moisturizing-Skin-Care-Anti-aging-Masker-Wajah(25g-pcs)-i.297682305.12915474844?sp_atk=f24f602e-bf9d-45e7-a068-c9e50b6dc212&xptdk=f24f602e-bf9d-45e7-a068-c9e50b6dc223
13,BIOAQUA Sheet Mask Hydrating Essence Face Mask Brightening Moisturizing Skin Care Anti aging Masker Wajah(25g/pcs),4,"penjual fast respon, setelah order langsung dikirim, kemasan baik dan kuat, saat diterima dalam kondisi baik, tidak ada kerusakan... pengiriman cepat, dan tidak ada cacat barang",https://shopee.co.id/BIOAQUA-Sheet-Mask-Hydrating-Essence-Face-Mask-Brightening-Moisturizing-Skin-Care-Anti-aging-Masker-Wajah(25g-pcs)-i.297682305.12915474844?sp_atk=f24f602e-bf9d-45e7-a068-c9e50b6dc212&xptdk=f24f602e-bf9d-45e7-a068-c9e50b6dc224
14,BIOAQUA Sheet Mask Hydrating Essence Face Mask Brightening Moisturizing Skin Care Anti aging Masker Wajah(25g/pcs),4,"Baik,pengiriman cepat cuma gk sesuai pesanan trus barangnya ada yg sama tapi gpp total pesananya sesuai cuma pariasi nya aja",https://shopee.co.id/BIOAQUA-Sheet-Mask-Hydrating-Essence-Face-Mask-Brightening-Moisturizing-Skin-Care-Anti-aging-Masker-Wajah(25g-pcs)-i.297682305.12915474844?sp_atk=f24f602e-bf9d-45e7-a068-c9e50b6dc212&xptdk=f24f602e-bf9d-45e7-a068-c9e50b6dc225
15,BIOAQUA Sheet Mask Hydrating Essence Face Mask Brightening Moisturizing Skin Care Anti aging Masker Wajah(25g/pcs),4,Pengiriman tidak terlalu cepat. Packaging aman pakai bubble warp. Expired tahun 2025. Semoga cocok dan ori,https://shopee.co.id/BIOAQUA-Sheet-Mask-Hydrating-Essence-Face-Mask-Brightening-Moisturizing-Skin-Care-Anti-aging-Masker-Wajah(25g-pcs)-i.297682305.12915474844?sp_atk=f24f602e-bf9d-45e7-a068-c9e50b6dc212&xptdk=f24f602e-bf9d-45e7-a068-c9e50b6dc226
16,BIOAQUA Sheet Mask Hydrating Essence Face Mask Brightening Moisturizing Skin Care Anti aging Masker Wajah(25g/pcs),2,"Aku suka banget pake masker ini sayang banget aku kasih *2 karena ad 4 masker yg bocor, lain kali kalau packing harus lebih bagus dan aman ya min.tpi aku nggak kapok ko pesan disini tunggu pesanan aku selanjutnya yah min",https://shopee.co.id/BIOAQUA-Sheet-Mask-Hydrating-Essence-Face-Mask-Brightening-Moisturizing-Skin-Care-Anti-aging-Masker-Wajah(25g-pcs)-i.297682305.12915474844?sp_atk=f24f602e-bf9d-45e7-a068-c9e50b6dc212&xptdk=f24f602e-bf9d-45e7-a068-c9e50b6dc227
17,BIOAQUA Sheet Mask Hydrating Essence Face Mask Brightening Moisturizing Skin Care Anti aging Masker Wajah(25g/pcs),2,"Lemot banget dari sisi penjual, pesan sejak jumat dikirimkan senin dan baru sampai rabu. Sudah di remind untuk kirim, ga juga dikirim dengan alasan pesanan banyak. Sebesar ini ga ada scheduling? Disitu aja masalahnya. Lemot...",https://shopee.co.id/BIOAQUA-Sheet-Mask-Hydrating-Essence-Face-Mask-Brightening-Moisturizing-Skin-Care-Anti-aging-Masker-Wajah(25g-pcs)-i.297682305.12915474844?sp_atk=f24f602e-bf9d-45e7-a068-c9e50b6dc212&xptdk=f24f602e-bf9d-45e7-a068-c9e50b6dc228
18,BIOAQUA Sheet Mask Hydrating Essence Face Mask Brightening Moisturizing Skin Care Anti aging Masker Wajah(25g/pcs),2,Aku beli 21 kenapaa Koo yg di kirim 20 itu udah keitung kaget tiba tiba dtg ko 20 yg farian dragon fruit cuma 1 seharus ny 2,https://shopee.co.id/BIOAQUA-Sheet-Mask-Hydrating-Essence-Face-Mask-Brightening-Moisturizing-Skin-Care-Anti-aging-Masker-Wajah(25g-pcs)-i.297682305.12915474844?sp_atk=f24f602e-bf9d-45e7-a068-c9e50b6dc212&xptdk=f24f602e-bf9d-45e7-a068-c9e50b6dc229
19,BIOAQUA Sheet Mask Hydrating Essence Face Mask Brightening Moisturizing Skin Care Anti aging Masker Wajah(25g/pcs),1,"SAYA TIDAK MENERIMA PAKET PADAHAL UDAH DI TUNGGU TOLONG YA SEBAGAI KURIR NYA JANGAN SAMPE KEK GINI KAN SAYA KECEWA SAMA TOKO NYA JADI MALAS MESAN DISINI LAGI ITU GAK RUMAH SAYA NTH KEMANA PAKET SAYA JADI NYA PADAHAL UDH DI TUNGGU"" TOLONG YG DI PEKANBARU YA",https://shopee.co.id/BIOAQUA-Sheet-Mask-Hydrating-Essence-Face-Mask-Brightening-Moisturizing-Skin-Care-Anti-aging-Masker-Wajah(25g-pcs)-i.297682305.12915474844?sp_atk=f24f602e-bf9d-45e7-a068-c9e50b6dc212&xptdk=f24f602e-bf9d-45e7-a068-c9e50b6dc230
20,BIOAQUA Sheet Mask Hydrating Essence Face Mask Brightening Moisturizing Skin Care Anti aging Masker Wajah(25g/pcs),1,"Pengirimannya lama bnget, ditambah barangnya kurang lengkap ada barang yg tidak ada, jdi mempersulit sipembeli, saran sy jngan terlalu menyusahkan orang lain, msih ada cara lain yg bisa dilakuin",https://shopee.co.id/BIOAQUA-Sheet-Mask-Hydrating-Essence-Face-Mask-Brightening-Moisturizing-Skin-Care-Anti-aging-Masker-Wajah(25g-pcs)-i.297682305.12915474844?sp_atk=f24f602e-bf9d-45e7-a068-c9e50b6dc212&xptdk=f24f602e-bf9d-45e7-a068-c9e50b6dc231
21,ROREC / HCHANA NATURAL SKIN CARE MASK MASKER SHEET & ROREC SNAIL MASK / MASK SHEET,3,Tadinya padahal sempat batalin pesanan. berhubung ga diterima pembatalannya ya udh deh beli wkwk udh terlanjur juga. it's okey lah. lumayan juga produknya,https://shopee.co.id/ROREC-HCHANA-NATURAL-SKIN-CARE-MASK-MASKER-SHEET-ROREC-SNAIL-MASK-MASK-SHEET-i.284521053.11011285739?sp_atk=027eb90e-3209-4a04-ac60-a394893a982a&xptdk=027eb90e-3209-4a04-ac60-a394893a982a
22,ROREC / HCHANA NATURAL SKIN CARE MASK MASKER SHEET & ROREC SNAIL MASK / MASK SHEET,3,Alhamdulilah paket nya udah nyampe suka sama barang nya tapi sayang saya pesenya 6 di kirim cuma 5 yh udah lah yh tapi lain kali diliat dulu yg bener buat seler,https://shopee.co.id/ROREC-HCHANA-NATURAL-SKIN-CARE-MASK-MASKER-SHEET-ROREC-SNAIL-MASK-MASK-SHEET-i.284521053.11011285739?sp_atk=027eb90e-3209-4a04-ac60-a394893a982a&xptdk=027eb90e-3209-4a04-ac60-a394893a982a
23,ROREC / HCHANA NATURAL SKIN CARE MASK MASKER SHEET & ROREC SNAIL MASK / MASK SHEET,3,Packaging tidak aman. Ada yg bocor. Selotip sudah basah dan tidak merekat lagi karna ada yg bocor dari dalam.,https://shopee.co.id/ROREC-HCHANA-NATURAL-SKIN-CARE-MASK-MASKER-SHEET-ROREC-SNAIL-MASK-MASK-SHEET-i.284521053.11011285739?sp_atk=027eb90e-3209-4a04-ac60-a394893a982a&xptdk=027eb90e-3209-4a04-ac60-a394893a982a
24,ROREC / HCHANA NATURAL SKIN CARE MASK MASKER SHEET & ROREC SNAIL MASK / MASK SHEET,3,"Kecewa banget,,, persennya masker rorec yang Dateng malah HCana, yang di pesan dari Korea yang datangdari China, lain kali kalau mau jualan jangan tipu2 kan pelanggan jadi kecewa",https://shopee.co.id/ROREC-HCHANA-NATURAL-SKIN-CARE-MASK-MASKER-SHEET-ROREC-SNAIL-MASK-MASK-SHEET-i.284521053.11011285739?sp_atk=027eb90e-3209-4a04-ac60-a394893a982a&xptdk=027eb90e-3209-4a04-ac60-a394893a982a
25,ROREC / HCHANA NATURAL SKIN CARE MASK MASKER SHEET & ROREC SNAIL MASK / MASK SHEET,3,"Barangnya udh nyampe, taapi kok kurang 2, yang aloevera aku pesen 3 nyampe nya 1 untuk yang lainnya sih aman, cuman untuk kedepannya kepada seller tolong diteliti lagi supaya gak keliru. Masker nya bagus, sesuai",https://shopee.co.id/ROREC-HCHANA-NATURAL-SKIN-CARE-MASK-MASKER-SHEET-ROREC-SNAIL-MASK-MASK-SHEET-i.284521053.11011285739?sp_atk=027eb90e-3209-4a04-ac60-a394893a982a&xptdk=027eb90e-3209-4a04-ac60-a394893a982a
26,ROREC / HCHANA NATURAL SKIN CARE MASK MASKER SHEET & ROREC SNAIL MASK / MASK SHEET,3,Paketnya sampai dengan selamat tapi sayang kurang 1 mesen nya 4 malah dateng nya 3 gimana sih ini admin nya ga teliti banget saya juga bayar,https://shopee.co.id/ROREC-HCHANA-NATURAL-SKIN-CARE-MASK-MASKER-SHEET-ROREC-SNAIL-MASK-MASK-SHEET-i.284521053.11011285739?sp_atk=027eb90e-3209-4a04-ac60-a394893a982a&xptdk=027eb90e-3209-4a04-ac60-a394893a982a
27,ROREC / HCHANA NATURAL SKIN CARE MASK MASKER SHEET & ROREC SNAIL MASK / MASK SHEET,4,"Sesuai orderan si, sukaa,pengirimannya juga cepet, packingnya juga aman + pake kardus jugaa intinya sesuai & tq yaa tp tolong dicek lagiyaa soalnya ada beberapa masker gt yg nempel entah karena rembesan dr masker atau apa",https://shopee.co.id/ROREC-HCHANA-NATURAL-SKIN-CARE-MASK-MASKER-SHEET-ROREC-SNAIL-MASK-MASK-SHEET-i.284521053.11011285739?sp_atk=027eb90e-3209-4a04-ac60-a394893a982a&xptdk=027eb90e-3209-4a04-ac60-a394893a982a
28,ROREC / HCHANA NATURAL SKIN CARE MASK MASKER SHEET & ROREC SNAIL MASK / MASK SHEET,4,Paket baru sampai dan belum nyoba nanti aku coba ya dan semoga cocok di wajah.,https://shopee.co.id/ROREC-HCHANA-NATURAL-SKIN-CARE-MASK-MASKER-SHEET-ROREC-SNAIL-MASK-MASK-SHEET-i.284521053.11011285739?sp_atk=027eb90e-3209-4a04-ac60-a394893a982a&xptdk=027eb90e-3209-4a04-ac60-a394893a982a
29,ROREC / HCHANA NATURAL SKIN CARE MASK MASKER SHEET & ROREC SNAIL MASK / MASK SHEET,4,"Abis maskeran muka lebih cerah, seru deh kalo soal maskeran. Makasih...",https://shopee.co.id/ROREC-HCHANA-NATURAL-SKIN-CARE-MASK-MASKER-SHEET-ROREC-SNAIL-MASK-MASK-SHEET-i.284521053.11011285739?sp_atk=027eb90e-3209-4a04-ac60-a394893a982a&xptdk=027eb90e-3209-4a04-ac60-a394893a982a
30,ROREC / HCHANA NATURAL SKIN CARE MASK MASKER SHEET & ROREC SNAIL MASK / MASK SHEET,4,"Produk nya semoga cocok di saya ya, harga murah meriah pilihan maskernya banyak guys jadi tinggal pilih yg mana yg dibutuhkan muka Kita .",https://shopee.co.id/ROREC-HCHANA-NATURAL-SKIN-CARE-MASK-MASKER-SHEET-ROREC-SNAIL-MASK-MASK-SHEET-i.284521053.11011285739?sp_atk=027eb90e-3209-4a04-ac60-a394893a982a&xptdk=027eb90e-3209-4a04-ac60-a394893a982a
31,ROREC / HCHANA NATURAL SKIN CARE MASK MASKER SHEET & ROREC SNAIL MASK / MASK SHEET,4,"Barang sudah sampai. Dan jumlah maskernya sesuai pesanan. Namun pas di buka di salah satu makser kek ada yang Basah gitu,sepertinya ada yg bocor",https://shopee.co.id/ROREC-HCHANA-NATURAL-SKIN-CARE-MASK-MASKER-SHEET-ROREC-SNAIL-MASK-MASK-SHEET-i.284521053.11011285739?sp_atk=027eb90e-3209-4a04-ac60-a394893a982a&xptdk=027eb90e-3209-4a04-ac60-a394893a982a
32,ROREC / HCHANA NATURAL SKIN CARE MASK MASKER SHEET & ROREC SNAIL MASK / MASK SHEET,2,"Saya pesen 11, di kirim 10, mana yang Dateng aloe Vera 8,pesen nya 5,kalau emng ngk ada Setok nya konfirmasi ke,mana kurang satu lagi",https://shopee.co.id/ROREC-HCHANA-NATURAL-SKIN-CARE-MASK-MASKER-SHEET-ROREC-SNAIL-MASK-MASK-SHEET-i.284521053.11011285739?sp_atk=027eb90e-3209-4a04-ac60-a394893a982a&xptdk=027eb90e-3209-4a04-ac60-a394893a982a
33,ROREC / HCHANA NATURAL SKIN CARE MASK MASKER SHEET & ROREC SNAIL MASK / MASK SHEET,2,"Beli 11 datengnya 10,lain kali mungkin bisa lebih teliti biar nggak selip. Dan kalo chat emang kayak gitu ya? Balesannya cuma tentang ketersediaan produk padahal lagi ngasih tau barangnya nggak lengkap",https://shopee.co.id/ROREC-HCHANA-NATURAL-SKIN-CARE-MASK-MASKER-SHEET-ROREC-SNAIL-MASK-MASK-SHEET-i.284521053.11011285739?sp_atk=027eb90e-3209-4a04-ac60-a394893a982a&xptdk=027eb90e-3209-4a04-ac60-a394893a982a
34,ROREC / HCHANA NATURAL SKIN CARE MASK MASKER SHEET & ROREC SNAIL MASK / MASK SHEET,2,"pengiriman paket cepet ok, tapi bintang dua aja lah yaa. si penjual tidak baca pesan/notednya idiihhhh. kecewa beli banyak juga. isi pesan dahal: KA TOLONG CAMPUR SEMUA VARIAN YA. huuuuu. budayakan baca ya sistaa.",https://shopee.co.id/ROREC-HCHANA-NATURAL-SKIN-CARE-MASK-MASKER-SHEET-ROREC-SNAIL-MASK-MASK-SHEET-i.284521053.11011285739?sp_atk=027eb90e-3209-4a04-ac60-a394893a982a&xptdk=027eb90e-3209-4a04-ac60-a394893a982a
35,ROREC / HCHANA NATURAL SKIN CARE MASK MASKER SHEET & ROREC SNAIL MASK / MASK SHEET,2,Maap ya kak kasih bintang dikit dulu. Karna kecewa sama packing nya yang lama (sampe 3 hari'an) apalagi sama pengiriman nya parah sih lamanya.,https://shopee.co.id/ROREC-HCHANA-NATURAL-SKIN-CARE-MASK-MASKER-SHEET-ROREC-SNAIL-MASK-MASK-SHEET-i.284521053.11011285739?sp_atk=027eb90e-3209-4a04-ac60-a394893a982a&xptdk=027eb90e-3209-4a04-ac60-a394893a982a
36,ROREC / HCHANA NATURAL SKIN CARE MASK MASKER SHEET & ROREC SNAIL MASK / MASK SHEET,1,"KECEWA BANGET BELI DI SINIII, BARANG RUSAK, RESPON PENJUALNYA JUGA JELEK, GA TANGGUNG JAWAB BANGET!!!!, SAYA MINTA GANTI RUGI GA DI TANGGAPI GIMANA SIHH?!!",https://shopee.co.id/ROREC-HCHANA-NATURAL-SKIN-CARE-MASK-MASKER-SHEET-ROREC-SNAIL-MASK-MASK-SHEET-i.284521053.11011285739?sp_atk=027eb90e-3209-4a04-ac60-a394893a982a&xptdk=027eb90e-3209-4a04-ac60-a394893a982a
37,ROREC / HCHANA NATURAL SKIN CARE MASK MASKER SHEET & ROREC SNAIL MASK / MASK SHEET,1,tapi toko nya ga amanah barangnya kurang 1 nanya gimana cara pengembalian dana nya malah ga nyambung jawabannya,https://shopee.co.id/ROREC-HCHANA-NATURAL-SKIN-CARE-MASK-MASKER-SHEET-ROREC-SNAIL-MASK-MASK-SHEET-i.284521053.11011285739?sp_atk=027eb90e-3209-4a04-ac60-a394893a982a&xptdk=027eb90e-3209-4a04-ac60-a394893a982a
38,ROREC / HCHANA NATURAL SKIN CARE MASK MASKER SHEET & ROREC SNAIL MASK / MASK SHEET,1,Sangat sangat kecewa krn udh pengiriman nya lama dan Barang yg lain lengkap az cm Masker Carbon BIOAQUA nya ini az yg gk ada sm sekali satupun dlm kemasan nya gk tanggung tanggung 20pcs loh yg gk ada nya... Gk akan lg deh beli dsini baru kali ini ketemu yg jual nya gk amanah bnget...,https://shopee.co.id/ROREC-HCHANA-NATURAL-SKIN-CARE-MASK-MASKER-SHEET-ROREC-SNAIL-MASK-MASK-SHEET-i.284521053.11011285739?sp_atk=027eb90e-3209-4a04-ac60-a394893a982a&xptdk=027eb90e-3209-4a04-ac60-a394893a982a
39,ROREC / HCHANA NATURAL SKIN CARE MASK MASKER SHEET & ROREC SNAIL MASK / MASK SHEET,5,"alhamdullilah sudah sampai barang nya alhamdulillah gk ada yg lecet /rusak,kurir ramah pengiriman cepat respon penjual juga baik dan sya lngsung brong banyak,smoga"" han aja yah cocok klo gk cocok amin.. dan pokok nya klo nanti udah di coba abis itu hasil nya baik tokoh ini bkalan jdi pelangganan",https://shopee.co.id/ROREC-HCHANA-NATURAL-SKIN-CARE-MASK-MASKER-SHEET-ROREC-SNAIL-MASK-MASK-SHEET-i.284521053.11011285739?sp_atk=027eb90e-3209-4a04-ac60-a394893a982a&xptdk=027eb90e-3209-4a04-ac60-a394893a982a
40,ROREC / HCHANA NATURAL SKIN CARE MASK MASKER SHEET & ROREC SNAIL MASK / MASK SHEET,5,"Yeee akhirnya sampe', suka bgt sama masker ini eh nemu toko yg jual harganya murah bgtt langsung cusss cekout deh, packing nya aman, ngga ada yg kurang, semua pesenanku lengkap, terima kasih",https://shopee.co.id/ROREC-HCHANA-NATURAL-SKIN-CARE-MASK-MASKER-SHEET-ROREC-SNAIL-MASK-MASK-SHEET-i.284521053.11011285739?sp_atk=027eb90e-3209-4a04-ac60-a394893a982a&xptdk=027eb90e-3209-4a04-ac60-a394893a982a
41,Masker Wajah Bubuk Face Mask by Lea Gloria 20gr,3,Yg vanilla nya gaada ternyata refund tp kertas keterangan refund nya didalem jd tetep aja bayar paket nya sesuai harga awal,https://shopee.co.id/Masker-Wajah-Bubuk-Face-Mask-by-Lea-Gloria-20gr-i.3298864.4402346174?sp_atk=5eaaec04-80fe-465a-99dd-1cda4036743a&xptdk=5eaaec04-80fe-465a-99dd-1cda4036743a
42,Masker Wajah Bubuk Face Mask by Lea Gloria 20gr,3,"Pengirimannya cpt banget, cuma pengemasannya kurang bagus, dan maaf aku kasik bintang 3 dulu karena aku blm dpt pakai maskernya",https://shopee.co.id/Masker-Wajah-Bubuk-Face-Mask-by-Lea-Gloria-20gr-i.3298864.4402346174?sp_atk=5eaaec04-80fe-465a-99dd-1cda4036743a&xptdk=5eaaec04-80fe-465a-99dd-1cda4036743a
43,Masker Wajah Bubuk Face Mask by Lea Gloria 20gr,3,"aku belum nyoba sih, tapi semoga aja bagus. lucu bgt sachet nyaa",https://shopee.co.id/Masker-Wajah-Bubuk-Face-Mask-by-Lea-Gloria-20gr-i.3298864.4402346174?sp_atk=5eaaec04-80fe-465a-99dd-1cda4036743a&xptdk=5eaaec04-80fe-465a-99dd-1cda4036743a
44,Masker Wajah Bubuk Face Mask by Lea Gloria 20gr,3,"Masker ice yang di ordernya gak ada. Toko nya gak amanah banget masker nya kurang 1 mana lama lagi di kemasnya nyampe 4 hari orderan cuman dikit juga, chat gak di respon, di cancel gak di konfirm",https://shopee.co.id/Masker-Wajah-Bubuk-Face-Mask-by-Lea-Gloria-20gr-i.3298864.4402346174?sp_atk=5eaaec04-80fe-465a-99dd-1cda4036743a&xptdk=5eaaec04-80fe-465a-99dd-1cda4036743a
45,Masker Wajah Bubuk Face Mask by Lea Gloria 20gr,3,"Maaf kak aku kasih bintang 3, soalnya masker greentea nya pecah gtu, jadi dipacking nya tadi putih semua karna maskernya . Ini saya gak tau kesalahan Mimin nya apa Karena proses pengiriman",https://shopee.co.id/Masker-Wajah-Bubuk-Face-Mask-by-Lea-Gloria-20gr-i.3298864.4402346174?sp_atk=5eaaec04-80fe-465a-99dd-1cda4036743a&xptdk=5eaaec04-80fe-465a-99dd-1cda4036743a
46,Masker Wajah Bubuk Face Mask by Lea Gloria 20gr,3,Gara-gara air mawarnya bocor jadi kesemua produknya kebasahan deh lain kali kalau produk bocor itu jangan dimasukin dongg,https://shopee.co.id/Masker-Wajah-Bubuk-Face-Mask-by-Lea-Gloria-20gr-i.3298864.4402346174?sp_atk=5eaaec04-80fe-465a-99dd-1cda4036743a&xptdk=5eaaec04-80fe-465a-99dd-1cda4036743a
47,Masker Wajah Bubuk Face Mask by Lea Gloria 20gr,2,Beli masker 3 . Yang 1 sorbet yang 2 vanilla. Cuman yang dikirim yang sorbetnya ada . 2 masker lagi ga dikirim. Gaada respon dr adminnya,https://shopee.co.id/Masker-Wajah-Bubuk-Face-Mask-by-Lea-Gloria-20gr-i.3298864.4402346174?sp_atk=5eaaec04-80fe-465a-99dd-1cda4036743a&xptdk=5eaaec04-80fe-465a-99dd-1cda4036743a
48,Masker Wajah Bubuk Face Mask by Lea Gloria 20gr,2,"Pesen 16 tapi yg dateng cuma 14, kurang 2 Cepet sih pengirimannya, tp klo kurang pesenan mah percuma, isinya juga lumayan dikit",https://shopee.co.id/Masker-Wajah-Bubuk-Face-Mask-by-Lea-Gloria-20gr-i.3298864.4402346174?sp_atk=5eaaec04-80fe-465a-99dd-1cda4036743a&xptdk=5eaaec04-80fe-465a-99dd-1cda4036743a
49,Masker Wajah Bubuk Face Mask by Lea Gloria 20gr,2,Saya suda memakai nya tetapi tidak ada perubahan,https://shopee.co.id/Masker-Wajah-Bubuk-Face-Mask-by-Lea-Gloria-20gr-i.3298864.4402346174?sp_atk=5eaaec04-80fe-465a-99dd-1cda4036743a&xptdk=5eaaec04-80fe-465a-99dd-1cda4036743a
50,Masker Wajah Bubuk Face Mask by Lea Gloria 20gr,2,Pelayanan nya mengecewakan,https://shopee.co.id/Masker-Wajah-Bubuk-Face-Mask-by-Lea-Gloria-20gr-i.3298864.4402346174?sp_atk=5eaaec04-80fe-465a-99dd-1cda4036743a&xptdk=5eaaec04-80fe-465a-99dd-1cda4036743a
51,Masker Wajah Bubuk Face Mask by Lea Gloria 20gr,2,Gak ada masker nya. Gak dikirim apa gimana yah .,https://shopee.co.id/Masker-Wajah-Bubuk-Face-Mask-by-Lea-Gloria-20gr-i.3298864.4402346174?sp_atk=5eaaec04-80fe-465a-99dd-1cda4036743a&xptdk=5eaaec04-80fe-465a-99dd-1cda4036743a
52,Masker Wajah Bubuk Face Mask by Lea Gloria 20gr,1,"Produknya si b aj,gk kayak di iklannya",https://shopee.co.id/Masker-Wajah-Bubuk-Face-Mask-by-Lea-Gloria-20gr-i.3298864.4402346174?sp_atk=5eaaec04-80fe-465a-99dd-1cda4036743a&xptdk=5eaaec04-80fe-465a-99dd-1cda4036743a
53,Masker Wajah Bubuk Face Mask by Lea Gloria 20gr,1,Pesan 5 datang nya 4 kecewa,https://shopee.co.id/Masker-Wajah-Bubuk-Face-Mask-by-Lea-Gloria-20gr-i.3298864.4402346174?sp_atk=5eaaec04-80fe-465a-99dd-1cda4036743a&xptdk=5eaaec04-80fe-465a-99dd-1cda4036743a
54,Masker Wajah Bubuk Face Mask by Lea Gloria 20gr,1,"Kok beda ya kak masker nya sama yang di toko lain, tekstur sama baunya beda,saya udah lma pakai masker Lea gloria varian greentea ini,yg di toko lain lebih bagus,soalnya di toko ini maksernya bau,sma beda warnanya sama yg ori,aku sih nggak recomen sma kalian untuk beli produk ini ditoko ini ya guys",https://shopee.co.id/Masker-Wajah-Bubuk-Face-Mask-by-Lea-Gloria-20gr-i.3298864.4402346174?sp_atk=5eaaec04-80fe-465a-99dd-1cda4036743a&xptdk=5eaaec04-80fe-465a-99dd-1cda4036743a
55,Masker Wajah Bubuk Face Mask by Lea Gloria 20gr,1,"Tolong lebih teliti lagi pesanan saya kurang 2 item , tidak amanah sekali padahal sudah diingatkan pesanan sy jangan sampai kurang!!!!",https://shopee.co.id/Masker-Wajah-Bubuk-Face-Mask-by-Lea-Gloria-20gr-i.3298864.4402346174?sp_atk=5eaaec04-80fe-465a-99dd-1cda4036743a&xptdk=5eaaec04-80fe-465a-99dd-1cda4036743a
56,Masker Wajah Bubuk Face Mask by Lea Gloria 20gr,5,"Belum nyoba tapi semoga cocok dehhh, dan pengiriman cepet banget kemaren di kirim tadi siang dah nyampee.",https://shopee.co.id/Masker-Wajah-Bubuk-Face-Mask-by-Lea-Gloria-20gr-i.3298864.4402346174?sp_atk=5eaaec04-80fe-465a-99dd-1cda4036743a&xptdk=5eaaec04-80fe-465a-99dd-1cda4036743a
57,Masker Wajah Bubuk Face Mask by Lea Gloria 20gr,5,Aku suka banget sama produk ini lembut banget abis pake ini Harga murah tapi kualitas baik tapi aku lebih suka yg coklat dan coffe,https://shopee.co.id/Masker-Wajah-Bubuk-Face-Mask-by-Lea-Gloria-20gr-i.3298864.4402346174?sp_atk=5eaaec04-80fe-465a-99dd-1cda4036743a&xptdk=5eaaec04-80fe-465a-99dd-1cda4036743a
58,Masker Wajah Bubuk Face Mask by Lea Gloria 20gr,5,"Aku baru coba yg rasa coklatnya emmmm wangi bgt kek jadi pengen jikat2in muka pas pake, soalnya wangi cake gtu. Dan ini masker terenak yg aku coba, wajah jadi lebih fresh dan lebih cerah. Barangnya d rmh jadi gak sempat foto",https://shopee.co.id/Masker-Wajah-Bubuk-Face-Mask-by-Lea-Gloria-20gr-i.3298864.4402346174?sp_atk=5eaaec04-80fe-465a-99dd-1cda4036743a&xptdk=5eaaec04-80fe-465a-99dd-1cda4036743a
59,Masker Wajah Bubuk Face Mask by Lea Gloria 20gr,4,Uda beberapa kali beli Lea di beberapa toko kemasan nyajuga beda gatau mana yang ori tapi sejauh ini semua nya cocok,https://shopee.co.id/Masker-Wajah-Bubuk-Face-Mask-by-Lea-Gloria-20gr-i.3298864.4402346174?sp_atk=5eaaec04-80fe-465a-99dd-1cda4036743a&xptdk=5eaaec04-80fe-465a-99dd-1cda4036743a
60,Masker Wajah Bubuk Face Mask by Lea Gloria 20gr,4,"Kedua kalinya belanja di sini, karena serecommended itu kalau belanja di sini, kualitas produk original, kecepatan pengiriman baik, thanks. Next belanja lagu di sini. Semoga langganan terus ya. ",https://shopee.co.id/Masker-Wajah-Bubuk-Face-Mask-by-Lea-Gloria-20gr-i.3298864.4402346174?sp_atk=5eaaec04-80fe-465a-99dd-1cda4036743a&xptdk=5eaaec04-80fe-465a-99dd-1cda4036743a
61,TRAVEL SIZE BPOM Face Mask by Lea Gloria 10 gram / 10 GRAM TRAVEL SIZE LEA GLORIA MASKER ORGANIK,3,"Masker yang dikirimkan tidak sesuaiii dengan yang saya pesan yang benar cuman grenteaa , sisanya malah asal . Kecewa bangett",https://shopee.co.id/TRAVEL-SIZE-BPOM-Face-Mask-by-Lea-Gloria-10-gram-10-GRAM-TRAVEL-SIZE-LEA-GLORIA-MASKER-ORGANIK-i.258640800.4254169104?sp_atk=468a585f-4fcd-4526-bd4c-9ed467fedf74&xptdk=468a585f-4fcd-4526-bd4c-9ed467fedf74
62,TRAVEL SIZE BPOM Face Mask by Lea Gloria 10 gram / 10 GRAM TRAVEL SIZE LEA GLORIA MASKER ORGANIK,3,"Barangnya kurang 1 tapi udah ada itikad baik untuk kirim yg kurang, semoga bener dikirim ya kak, terimakasih seller Barang yg kurang belum dikirim dari tanggal 12 sampe sekarang gimana kali",https://shopee.co.id/TRAVEL-SIZE-BPOM-Face-Mask-by-Lea-Gloria-10-gram-10-GRAM-TRAVEL-SIZE-LEA-GLORIA-MASKER-ORGANIK-i.258640800.4254169104?sp_atk=468a585f-4fcd-4526-bd4c-9ed467fedf74&xptdk=468a585f-4fcd-4526-bd4c-9ed467fedf75
63,TRAVEL SIZE BPOM Face Mask by Lea Gloria 10 gram / 10 GRAM TRAVEL SIZE LEA GLORIA MASKER ORGANIK,3,"Kualitas produk standar, harga produk standar, kecepatan pengiriman standar, masker wajah yang tak sesuai dengan yang difoto tapi gapapa, dan packingan yang sangat baik",https://shopee.co.id/TRAVEL-SIZE-BPOM-Face-Mask-by-Lea-Gloria-10-gram-10-GRAM-TRAVEL-SIZE-LEA-GLORIA-MASKER-ORGANIK-i.258640800.4254169104?sp_atk=468a585f-4fcd-4526-bd4c-9ed467fedf74&xptdk=468a585f-4fcd-4526-bd4c-9ed467fedf76
64,TRAVEL SIZE BPOM Face Mask by Lea Gloria 10 gram / 10 GRAM TRAVEL SIZE LEA GLORIA MASKER ORGANIK,3,Gratis biaya pendaftaran sebesar genggaman di dunia yang bisa dilakukan untuk artikel di bawah ruang lingkup,https://shopee.co.id/TRAVEL-SIZE-BPOM-Face-Mask-by-Lea-Gloria-10-gram-10-GRAM-TRAVEL-SIZE-LEA-GLORIA-MASKER-ORGANIK-i.258640800.4254169104?sp_atk=468a585f-4fcd-4526-bd4c-9ed467fedf74&xptdk=468a585f-4fcd-4526-bd4c-9ed467fedf77
65,TRAVEL SIZE BPOM Face Mask by Lea Gloria 10 gram / 10 GRAM TRAVEL SIZE LEA GLORIA MASKER ORGANIK,3,"Maskernya pesen 2 cuma dikirim 1, sama kapas toner juga pesen 2 cuma dikirim 1",https://shopee.co.id/TRAVEL-SIZE-BPOM-Face-Mask-by-Lea-Gloria-10-gram-10-GRAM-TRAVEL-SIZE-LEA-GLORIA-MASKER-ORGANIK-i.258640800.4254169104?sp_atk=468a585f-4fcd-4526-bd4c-9ed467fedf74&xptdk=468a585f-4fcd-4526-bd4c-9ed467fedf78
66,TRAVEL SIZE BPOM Face Mask by Lea Gloria 10 gram / 10 GRAM TRAVEL SIZE LEA GLORIA MASKER ORGANIK,3,Pengiriman cepet. Cuma agak lama dipengemasan ajah. Dan respon nya lama,https://shopee.co.id/TRAVEL-SIZE-BPOM-Face-Mask-by-Lea-Gloria-10-gram-10-GRAM-TRAVEL-SIZE-LEA-GLORIA-MASKER-ORGANIK-i.258640800.4254169104?sp_atk=468a585f-4fcd-4526-bd4c-9ed467fedf74&xptdk=468a585f-4fcd-4526-bd4c-9ed467fedf79
67,TRAVEL SIZE BPOM Face Mask by Lea Gloria 10 gram / 10 GRAM TRAVEL SIZE LEA GLORIA MASKER ORGANIK,1,Saya pesan masker mangkuk 4in1 sama parfum yang datang cuman masker sama mangkok 4in1 saja parfumnya nggak dateng,https://shopee.co.id/TRAVEL-SIZE-BPOM-Face-Mask-by-Lea-Gloria-10-gram-10-GRAM-TRAVEL-SIZE-LEA-GLORIA-MASKER-ORGANIK-i.258640800.4254169104?sp_atk=468a585f-4fcd-4526-bd4c-9ed467fedf74&xptdk=468a585f-4fcd-4526-bd4c-9ed467fedf80
68,TRAVEL SIZE BPOM Face Mask by Lea Gloria 10 gram / 10 GRAM TRAVEL SIZE LEA GLORIA MASKER ORGANIK,1,Masker nya kurang 4 green tea gak dimasukin!!,https://shopee.co.id/TRAVEL-SIZE-BPOM-Face-Mask-by-Lea-Gloria-10-gram-10-GRAM-TRAVEL-SIZE-LEA-GLORIA-MASKER-ORGANIK-i.258640800.4254169104?sp_atk=468a585f-4fcd-4526-bd4c-9ed467fedf74&xptdk=468a585f-4fcd-4526-bd4c-9ed467fedf81
69,TRAVEL SIZE BPOM Face Mask by Lea Gloria 10 gram / 10 GRAM TRAVEL SIZE LEA GLORIA MASKER ORGANIK,1,"Barang yg dteng g sesuai, saya pesen body scrublavender masker sama spatula masker. Masker nya gak ada, koyg Dateng hair tonic baunya g enak dan bikin pusing kepala pas udh d semprot di kepala, pengiriman juga lama padahal sama"" Jakarta",https://shopee.co.id/TRAVEL-SIZE-BPOM-Face-Mask-by-Lea-Gloria-10-gram-10-GRAM-TRAVEL-SIZE-LEA-GLORIA-MASKER-ORGANIK-i.258640800.4254169104?sp_atk=468a585f-4fcd-4526-bd4c-9ed467fedf74&xptdk=468a585f-4fcd-4526-bd4c-9ed467fedf82
70,TRAVEL SIZE BPOM Face Mask by Lea Gloria 10 gram / 10 GRAM TRAVEL SIZE LEA GLORIA MASKER ORGANIK,1,Barang tidak sesuai. Saya pesen masker gloria varian green tea. Yang datang malah masker scrub packing nya juga tidak rapih,https://shopee.co.id/TRAVEL-SIZE-BPOM-Face-Mask-by-Lea-Gloria-10-gram-10-GRAM-TRAVEL-SIZE-LEA-GLORIA-MASKER-ORGANIK-i.258640800.4254169104?sp_atk=468a585f-4fcd-4526-bd4c-9ed467fedf74&xptdk=468a585f-4fcd-4526-bd4c-9ed467fedf83
71,TRAVEL SIZE BPOM Face Mask by Lea Gloria 10 gram / 10 GRAM TRAVEL SIZE LEA GLORIA MASKER ORGANIK,1,Bagus Sih Tetapi Tidak Dapat Bonus Padahal sudah Beli Banyak hem,https://shopee.co.id/TRAVEL-SIZE-BPOM-Face-Mask-by-Lea-Gloria-10-gram-10-GRAM-TRAVEL-SIZE-LEA-GLORIA-MASKER-ORGANIK-i.258640800.4254169104?sp_atk=468a585f-4fcd-4526-bd4c-9ed467fedf74&xptdk=468a585f-4fcd-4526-bd4c-9ed467fedf84
72,TRAVEL SIZE BPOM Face Mask by Lea Gloria 10 gram / 10 GRAM TRAVEL SIZE LEA GLORIA MASKER ORGANIK,5,"Masker green tea selain manfaatnya banyak dan bagus harganya juga terjangkau, semoga cocok",https://shopee.co.id/TRAVEL-SIZE-BPOM-Face-Mask-by-Lea-Gloria-10-gram-10-GRAM-TRAVEL-SIZE-LEA-GLORIA-MASKER-ORGANIK-i.258640800.4254169104?sp_atk=468a585f-4fcd-4526-bd4c-9ed467fedf74&xptdk=468a585f-4fcd-4526-bd4c-9ed467fedf85
73,TRAVEL SIZE BPOM Face Mask by Lea Gloria 10 gram / 10 GRAM TRAVEL SIZE LEA GLORIA MASKER ORGANIK,5,"Produknya imut2 cilik tapi okeh. Pengemasan good tebel buble wrapnya,pengiriman juga okeh. Harga lumayan murah .",https://shopee.co.id/TRAVEL-SIZE-BPOM-Face-Mask-by-Lea-Gloria-10-gram-10-GRAM-TRAVEL-SIZE-LEA-GLORIA-MASKER-ORGANIK-i.258640800.4254169104?sp_atk=468a585f-4fcd-4526-bd4c-9ed467fedf74&xptdk=468a585f-4fcd-4526-bd4c-9ed467fedf86
74,TRAVEL SIZE BPOM Face Mask by Lea Gloria 10 gram / 10 GRAM TRAVEL SIZE LEA GLORIA MASKER ORGANIK,5,"Produk ini bukan sekali dua kali saya beli, sudah berkali kali, selain produknya bagus d kulit harga nya juga tiidak membuat kantong bolong",https://shopee.co.id/TRAVEL-SIZE-BPOM-Face-Mask-by-Lea-Gloria-10-gram-10-GRAM-TRAVEL-SIZE-LEA-GLORIA-MASKER-ORGANIK-i.258640800.4254169104?sp_atk=468a585f-4fcd-4526-bd4c-9ed467fedf74&xptdk=468a585f-4fcd-4526-bd4c-9ed467fedf87
75,TRAVEL SIZE BPOM Face Mask by Lea Gloria 10 gram / 10 GRAM TRAVEL SIZE LEA GLORIA MASKER ORGANIK,5,"Praktis, daya serap tinggi, mudah kering, mudah meng aplikasikannya, mudah di buka dan hasil memuaskan, berisih bebas jerawat",https://shopee.co.id/TRAVEL-SIZE-BPOM-Face-Mask-by-Lea-Gloria-10-gram-10-GRAM-TRAVEL-SIZE-LEA-GLORIA-MASKER-ORGANIK-i.258640800.4254169104?sp_atk=468a585f-4fcd-4526-bd4c-9ed467fedf74&xptdk=468a585f-4fcd-4526-bd4c-9ed467fedf88
76,TRAVEL SIZE BPOM Face Mask by Lea Gloria 10 gram / 10 GRAM TRAVEL SIZE LEA GLORIA MASKER ORGANIK,4,"Paket nya udah Dateng, packaging nya juga aman banget pake bubble wrap tebel, semoga cocok masker nyaa",https://shopee.co.id/TRAVEL-SIZE-BPOM-Face-Mask-by-Lea-Gloria-10-gram-10-GRAM-TRAVEL-SIZE-LEA-GLORIA-MASKER-ORGANIK-i.258640800.4254169104?sp_atk=468a585f-4fcd-4526-bd4c-9ed467fedf74&xptdk=468a585f-4fcd-4526-bd4c-9ed467fedf89
77,TRAVEL SIZE BPOM Face Mask by Lea Gloria 10 gram / 10 GRAM TRAVEL SIZE LEA GLORIA MASKER ORGANIK,4,"Bagus, expired lama, pengiriman cepat dan packing aman, kecewa aja sama sellernya lah, ada pesenan yg ga di kirim. Kesel banget asli",https://shopee.co.id/TRAVEL-SIZE-BPOM-Face-Mask-by-Lea-Gloria-10-gram-10-GRAM-TRAVEL-SIZE-LEA-GLORIA-MASKER-ORGANIK-i.258640800.4254169104?sp_atk=468a585f-4fcd-4526-bd4c-9ed467fedf74&xptdk=468a585f-4fcd-4526-bd4c-9ed467fedf90
78,TRAVEL SIZE BPOM Face Mask by Lea Gloria 10 gram / 10 GRAM TRAVEL SIZE LEA GLORIA MASKER ORGANIK,4,"Pengiriman cepat , cuma pengemasan aja yg lama , its oke , packing nya tebel ya jd gk takut bocor / pecah , lengkap produk nya gak ada yg kurang",https://shopee.co.id/TRAVEL-SIZE-BPOM-Face-Mask-by-Lea-Gloria-10-gram-10-GRAM-TRAVEL-SIZE-LEA-GLORIA-MASKER-ORGANIK-i.258640800.4254169104?sp_atk=468a585f-4fcd-4526-bd4c-9ed467fedf74&xptdk=468a585f-4fcd-4526-bd4c-9ed467fedf91
79,TRAVEL SIZE BPOM Face Mask by Lea Gloria 10 gram / 10 GRAM TRAVEL SIZE LEA GLORIA MASKER ORGANIK,2,Menimbulkan jerawat,https://shopee.co.id/TRAVEL-SIZE-BPOM-Face-Mask-by-Lea-Gloria-10-gram-10-GRAM-TRAVEL-SIZE-LEA-GLORIA-MASKER-ORGANIK-i.258640800.4254169104?sp_atk=468a585f-4fcd-4526-bd4c-9ed467fedf74&xptdk=468a585f-4fcd-4526-bd4c-9ed467fedf92
80,TRAVEL SIZE BPOM Face Mask by Lea Gloria 10 gram / 10 GRAM TRAVEL SIZE LEA GLORIA MASKER ORGANIK,2,"pesen 10 dikirim 9, yg 1 nya malah diganti silet, ko serem si ni maksdnya paan?!",https://shopee.co.id/TRAVEL-SIZE-BPOM-Face-Mask-by-Lea-Gloria-10-gram-10-GRAM-TRAVEL-SIZE-LEA-GLORIA-MASKER-ORGANIK-i.258640800.4254169104?sp_atk=468a585f-4fcd-4526-bd4c-9ed467fedf74&xptdk=468a585f-4fcd-4526-bd4c-9ed467fedf93
81,NATURE REPUBLIC REAL NATURE MASK SHEET BACA DISCLAIMER MASKER KOREA WAJAH,3,"Buat calon pembeli di toko ini, sblm order harap betul2 dipastikan stok & jumlahnya yg kamu order ready stock. Jgn asal order & bayar di toko ini. Krn klo paketan sampai & ada yg gk dikirim (+ sygnya gk ada video buka paket), toko gk percaya mau kamu jujur gmnpun. Boleh bgt ke toko lain lebih dulu!",https://shopee.co.id/NATURE-REPUBLIC-REAL-NATURE-MASK-SHEET-BACA-DISCLAIMER-MASKER-KOREA-WAJAH-i.86681009.5338574174?sp_atk=38e2c999-bc21-4883-82ba-a94aeaec947a&xptdk=38e2c999-bc21-4883-82ba-a94aeaec947a
82,NATURE REPUBLIC REAL NATURE MASK SHEET BACA DISCLAIMER MASKER KOREA WAJAH,3,"maap? ajanih. sebenernya si bagus bgt produknya, lengkap dan cepet juga pengirimannya. tapi bintang 3 karena adminnya ngeyel dan sok cari pembenaran sendiri perihal sheetmask yang kadaluarsa. yauda si, beruntung bgt kamu min masi takasi bintang 3 hehe.",https://shopee.co.id/NATURE-REPUBLIC-REAL-NATURE-MASK-SHEET-BACA-DISCLAIMER-MASKER-KOREA-WAJAH-i.86681009.5338574174?sp_atk=38e2c999-bc21-4883-82ba-a94aeaec947a&xptdk=38e2c999-bc21-4883-82ba-a94aeaec947a
83,NATURE REPUBLIC REAL NATURE MASK SHEET BACA DISCLAIMER MASKER KOREA WAJAH,3,"Terima kasihhh , selalu senang kalau abis order disini , barangnya bagus berkualitas , murah tapi ga murahan , suka bangetttt bakal langganan disiniiiiiii?? Maaf ga sempat foto soalnya barang sudah diambil pembeli",https://shopee.co.id/NATURE-REPUBLIC-REAL-NATURE-MASK-SHEET-BACA-DISCLAIMER-MASKER-KOREA-WAJAH-i.86681009.5338574174?sp_atk=38e2c999-bc21-4883-82ba-a94aeaec947a&xptdk=38e2c999-bc21-4883-82ba-a94aeaec947a
84,NATURE REPUBLIC REAL NATURE MASK SHEET BACA DISCLAIMER MASKER KOREA WAJAH,3,Rada takut soalnya kemasan tidak halal Ya uda belum dipake deh Mau dikasi temen aja soalnya takut juga di wajah aku sensitif,https://shopee.co.id/NATURE-REPUBLIC-REAL-NATURE-MASK-SHEET-BACA-DISCLAIMER-MASKER-KOREA-WAJAH-i.86681009.5338574174?sp_atk=38e2c999-bc21-4883-82ba-a94aeaec947a&xptdk=38e2c999-bc21-4883-82ba-a94aeaec947a
85,NATURE REPUBLIC REAL NATURE MASK SHEET BACA DISCLAIMER MASKER KOREA WAJAH,3,Lu mau order apa aja terserah dah. Yg datang pasti random dan ga ada pemberitahuan sebelumnya,https://shopee.co.id/NATURE-REPUBLIC-REAL-NATURE-MASK-SHEET-BACA-DISCLAIMER-MASKER-KOREA-WAJAH-i.86681009.5338574174?sp_atk=38e2c999-bc21-4883-82ba-a94aeaec947a&xptdk=38e2c999-bc21-4883-82ba-a94aeaec947a
86,NATURE REPUBLIC REAL NATURE MASK SHEET BACA DISCLAIMER MASKER KOREA WAJAH,3,"Pengemasan lumayan lama tapi masih ok lahh barangnya, pengemasan juga rapihh.. ",https://shopee.co.id/NATURE-REPUBLIC-REAL-NATURE-MASK-SHEET-BACA-DISCLAIMER-MASKER-KOREA-WAJAH-i.86681009.5338574174?sp_atk=38e2c999-bc21-4883-82ba-a94aeaec947a&xptdk=38e2c999-bc21-4883-82ba-a94aeaec947a
87,NATURE REPUBLIC REAL NATURE MASK SHEET BACA DISCLAIMER MASKER KOREA WAJAH,3,"Yuhuu sudah sampai pesanan nya, pakai SICEPAT, memang CEPAT.. TERIMA KASIH..",https://shopee.co.id/NATURE-REPUBLIC-REAL-NATURE-MASK-SHEET-BACA-DISCLAIMER-MASKER-KOREA-WAJAH-i.86681009.5338574174?sp_atk=38e2c999-bc21-4883-82ba-a94aeaec947a&xptdk=38e2c999-bc21-4883-82ba-a94aeaec947a
88,NATURE REPUBLIC REAL NATURE MASK SHEET BACA DISCLAIMER MASKER KOREA WAJAH,3,Paketnya lengkap jumlahnya sama cuman saya pesan yang aloe vera di kasih acai berry paket lama sekali pengirimannya,https://shopee.co.id/NATURE-REPUBLIC-REAL-NATURE-MASK-SHEET-BACA-DISCLAIMER-MASKER-KOREA-WAJAH-i.86681009.5338574174?sp_atk=38e2c999-bc21-4883-82ba-a94aeaec947a&xptdk=38e2c999-bc21-4883-82ba-a94aeaec947a
89,NATURE REPUBLIC REAL NATURE MASK SHEET BACA DISCLAIMER MASKER KOREA WAJAH,3,tekstur serumnya agak lebih cair dibanding produk yg dijual NR official store,https://shopee.co.id/NATURE-REPUBLIC-REAL-NATURE-MASK-SHEET-BACA-DISCLAIMER-MASKER-KOREA-WAJAH-i.86681009.5338574174?sp_atk=38e2c999-bc21-4883-82ba-a94aeaec947a&xptdk=38e2c999-bc21-4883-82ba-a94aeaec947a
90,NATURE REPUBLIC REAL NATURE MASK SHEET BACA DISCLAIMER MASKER KOREA WAJAH,3,Kurang di periksa maskernya 1 nempel sm yg laen ternyta 1 udh kerobek jd lengket semua,https://shopee.co.id/NATURE-REPUBLIC-REAL-NATURE-MASK-SHEET-BACA-DISCLAIMER-MASKER-KOREA-WAJAH-i.86681009.5338574174?sp_atk=38e2c999-bc21-4883-82ba-a94aeaec947a&xptdk=38e2c999-bc21-4883-82ba-a94aeaec947a
91,NATURE REPUBLIC REAL NATURE MASK SHEET BACA DISCLAIMER MASKER KOREA WAJAH,2,"Temen temen coba cek yang kasih rating 1 biar bisa mikir ulang sii, jangan sampe nyesel udah beli banyak ya kan",https://shopee.co.id/NATURE-REPUBLIC-REAL-NATURE-MASK-SHEET-BACA-DISCLAIMER-MASKER-KOREA-WAJAH-i.86681009.5338574174?sp_atk=38e2c999-bc21-4883-82ba-a94aeaec947a&xptdk=38e2c999-bc21-4883-82ba-a94aeaec947a
92,NATURE REPUBLIC REAL NATURE MASK SHEET BACA DISCLAIMER MASKER KOREA WAJAH,2,"Pesennya olive yg dikirimnya bamboo gimana sih lain kali yg tepat ya kak jadi rugi kalo gini! Gk sesuai ekspektasi, untung buat saya sendiri",https://shopee.co.id/NATURE-REPUBLIC-REAL-NATURE-MASK-SHEET-BACA-DISCLAIMER-MASKER-KOREA-WAJAH-i.86681009.5338574174?sp_atk=38e2c999-bc21-4883-82ba-a94aeaec947a&xptdk=38e2c999-bc21-4883-82ba-a94aeaec947a
93,NATURE REPUBLIC REAL NATURE MASK SHEET BACA DISCLAIMER MASKER KOREA WAJAH,2,"Maaf bgt aku ksh bintang 2 krna agak kecewa sheetmasknya ada yg luber dan keluar gtu dr kemasan, kurang pengecekan mgkn krna klo dr kurir ga mungkin bisa bocor dalam doang yg kemasannya maskernya robek",https://shopee.co.id/NATURE-REPUBLIC-REAL-NATURE-MASK-SHEET-BACA-DISCLAIMER-MASKER-KOREA-WAJAH-i.86681009.5338574174?sp_atk=38e2c999-bc21-4883-82ba-a94aeaec947a&xptdk=38e2c999-bc21-4883-82ba-a94aeaec947a
94,NATURE REPUBLIC REAL NATURE MASK SHEET BACA DISCLAIMER MASKER KOREA WAJAH,2,Maskernya murah sih jg ga nuntut kualitas bagus jg..habis pake langsung keluar banyak jerawat..,https://shopee.co.id/NATURE-REPUBLIC-REAL-NATURE-MASK-SHEET-BACA-DISCLAIMER-MASKER-KOREA-WAJAH-i.86681009.5338574174?sp_atk=38e2c999-bc21-4883-82ba-a94aeaec947a&xptdk=38e2c999-bc21-4883-82ba-a94aeaec947a
95,NATURE REPUBLIC REAL NATURE MASK SHEET BACA DISCLAIMER MASKER KOREA WAJAH,2,Pesen ny shea butter di kirim acak berry dan seller ga bilang sama sekali langsung kirim aja. Pdhl titipan orang,https://shopee.co.id/NATURE-REPUBLIC-REAL-NATURE-MASK-SHEET-BACA-DISCLAIMER-MASKER-KOREA-WAJAH-i.86681009.5338574174?sp_atk=38e2c999-bc21-4883-82ba-a94aeaec947a&xptdk=38e2c999-bc21-4883-82ba-a94aeaec947a
96,NATURE REPUBLIC REAL NATURE MASK SHEET BACA DISCLAIMER MASKER KOREA WAJAH,2,Varian masker yang di pesan tidak sesuai dengan yang dikirimkan.,https://shopee.co.id/NATURE-REPUBLIC-REAL-NATURE-MASK-SHEET-BACA-DISCLAIMER-MASKER-KOREA-WAJAH-i.86681009.5338574174?sp_atk=38e2c999-bc21-4883-82ba-a94aeaec947a&xptdk=38e2c999-bc21-4883-82ba-a94aeaec947a
97,NATURE REPUBLIC REAL NATURE MASK SHEET BACA DISCLAIMER MASKER KOREA WAJAH,2,Saya pesenny tea tree tapi datangnya malah yang Shea butter,https://shopee.co.id/NATURE-REPUBLIC-REAL-NATURE-MASK-SHEET-BACA-DISCLAIMER-MASKER-KOREA-WAJAH-i.86681009.5338574174?sp_atk=38e2c999-bc21-4883-82ba-a94aeaec947a&xptdk=38e2c999-bc21-4883-82ba-a94aeaec947a
98,NATURE REPUBLIC REAL NATURE MASK SHEET BACA DISCLAIMER MASKER KOREA WAJAH,2,Sayang banget ternyata tidak Or,https://shopee.co.id/NATURE-REPUBLIC-REAL-NATURE-MASK-SHEET-BACA-DISCLAIMER-MASKER-KOREA-WAJAH-i.86681009.5338574174?sp_atk=38e2c999-bc21-4883-82ba-a94aeaec947a&xptdk=38e2c999-bc21-4883-82ba-a94aeaec947a
99,NATURE REPUBLIC REAL NATURE MASK SHEET BACA DISCLAIMER MASKER KOREA WAJAH,2,Toko tidak amanah. Pesan apa di kirim apa.,https://shopee.co.id/NATURE-REPUBLIC-REAL-NATURE-MASK-SHEET-BACA-DISCLAIMER-MASKER-KOREA-WAJAH-i.86681009.5338574174?sp_atk=38e2c999-bc21-4883-82ba-a94aeaec947a&xptdk=38e2c999-bc21-4883-82ba-a94aeaec947a
100,NATURE REPUBLIC REAL NATURE MASK SHEET BACA DISCLAIMER MASKER KOREA WAJAH,2,"Barang yg dikirim tdk sesuai jenis dan jumlahnya KURANG , saran jgn pesen banyak2 bs salah itung dan kita yg drugikan. Ternyata memang sering dikirim kurang ya kl liat review pembeli2nya.",https://shopee.co.id/NATURE-REPUBLIC-REAL-NATURE-MASK-SHEET-BACA-DISCLAIMER-MASKER-KOREA-WAJAH-i.86681009.5338574174?sp_atk=38e2c999-bc21-4883-82ba-a94aeaec947a&xptdk=38e2c999-bc21-4883-82ba-a94aeaec947a
101,NATURE REPUBLIC REAL NATURE MASK SHEET BACA DISCLAIMER MASKER KOREA WAJAH,1,produk diterima dgn aman sesuai order dan diskripsi....sdh dicoba anak dan istri ternyata tidak ori ...agak gatal dan kering setelah dipakai diwajah dan bagian hidung tdk tercover masker ini...pengiriman cukup cepat...,https://shopee.co.id/NATURE-REPUBLIC-REAL-NATURE-MASK-SHEET-BACA-DISCLAIMER-MASKER-KOREA-WAJAH-i.86681009.5338574174?sp_atk=38e2c999-bc21-4883-82ba-a94aeaec947a&xptdk=38e2c999-bc21-4883-82ba-a94aeaec947a
102,NATURE REPUBLIC REAL NATURE MASK SHEET BACA DISCLAIMER MASKER KOREA WAJAH,1,"Alhamdulillah barang dah sampeee. Pesanannya lengkap, tapi barangnya gak ori. Sangat di sayangkan",https://shopee.co.id/NATURE-REPUBLIC-REAL-NATURE-MASK-SHEET-BACA-DISCLAIMER-MASKER-KOREA-WAJAH-i.86681009.5338574174?sp_atk=38e2c999-bc21-4883-82ba-a94aeaec947a&xptdk=38e2c999-bc21-4883-82ba-a94aeaec947a
103,NATURE REPUBLIC REAL NATURE MASK SHEET BACA DISCLAIMER MASKER KOREA WAJAH,1,"Aku mesen 2 ya untuk sheet mask dari nature republiknya tapi kenapa yang di kirim hanya 1. Tolong yah dalam pengemasan itu harus lebih teliti lagi bacanya, anda buta ya. Maaf jika pesanan saya tidak beraturan. Mungkin itu yang membuat anda jadi tidak teliti ",https://shopee.co.id/NATURE-REPUBLIC-REAL-NATURE-MASK-SHEET-BACA-DISCLAIMER-MASKER-KOREA-WAJAH-i.86681009.5338574174?sp_atk=38e2c999-bc21-4883-82ba-a94aeaec947a&xptdk=38e2c999-bc21-4883-82ba-a94aeaec947a
104,NATURE REPUBLIC REAL NATURE MASK SHEET BACA DISCLAIMER MASKER KOREA WAJAH,1,"Packing aman pengiriman oke. Tp produknya gak ori. Aromanya beda. essencenya kentel bgt. bentuk maskernya aneh, pinggirnya gk rapih, lubang mata ampir setelapak tangan. beda sama yg dibeli di official store/di korea. Hrsnya penjual jujur aja kalo produk gk ori.",https://shopee.co.id/NATURE-REPUBLIC-REAL-NATURE-MASK-SHEET-BACA-DISCLAIMER-MASKER-KOREA-WAJAH-i.86681009.5338574174?sp_atk=38e2c999-bc21-4883-82ba-a94aeaec947a&xptdk=38e2c999-bc21-4883-82ba-a94aeaec947a
105,NATURE REPUBLIC REAL NATURE MASK SHEET BACA DISCLAIMER MASKER KOREA WAJAH,1,Respon penjual sangat tidak baik saya salah tulis alamat mau saya cancel karna mau ganti alamat setelah itu order lagi tapi malah di tolak alhasil saya harus mengeluarkan ongkir lebih banyak. Dan pengemasannya lama,https://shopee.co.id/NATURE-REPUBLIC-REAL-NATURE-MASK-SHEET-BACA-DISCLAIMER-MASKER-KOREA-WAJAH-i.86681009.5338574174?sp_atk=38e2c999-bc21-4883-82ba-a94aeaec947a&xptdk=38e2c999-bc21-4883-82ba-a94aeaec947a
106,NATURE REPUBLIC REAL NATURE MASK SHEET BACA DISCLAIMER MASKER KOREA WAJAH,1,Ga becus.. Beli 6 yang dateng cuma 5 mana salah variasi padahal udah di kasih note. Rugi belanja disini. Kapok deh jangan mau belanja disini,https://shopee.co.id/NATURE-REPUBLIC-REAL-NATURE-MASK-SHEET-BACA-DISCLAIMER-MASKER-KOREA-WAJAH-i.86681009.5338574174?sp_atk=38e2c999-bc21-4883-82ba-a94aeaec947a&xptdk=38e2c999-bc21-4883-82ba-a94aeaec947a
107,NATURE REPUBLIC REAL NATURE MASK SHEET BACA DISCLAIMER MASKER KOREA WAJAH,1,"Maaf saya ganti review nya ternyata ini palsu, mana beli banyak lagi ",https://shopee.co.id/NATURE-REPUBLIC-REAL-NATURE-MASK-SHEET-BACA-DISCLAIMER-MASKER-KOREA-WAJAH-i.86681009.5338574174?sp_atk=38e2c999-bc21-4883-82ba-a94aeaec947a&xptdk=38e2c999-bc21-4883-82ba-a94aeaec947a
108,NATURE REPUBLIC REAL NATURE MASK SHEET BACA DISCLAIMER MASKER KOREA WAJAH,1,"Untuk pertama kalinya se kecewa ini belanja online, tolong jujur aja kalau nggak ORI, Buat temen"" yg mau order saya saranin JANGAN, karena toko ini menipu,??kenapa aku lupa nggak liat komentar bintang 1 nya.. pdhal sudah banyak yg bilang kalau palsu",https://shopee.co.id/NATURE-REPUBLIC-REAL-NATURE-MASK-SHEET-BACA-DISCLAIMER-MASKER-KOREA-WAJAH-i.86681009.5338574174?sp_atk=38e2c999-bc21-4883-82ba-a94aeaec947a&xptdk=38e2c999-bc21-4883-82ba-a94aeaec947a
109,NATURE REPUBLIC REAL NATURE MASK SHEET BACA DISCLAIMER MASKER KOREA WAJAH,1,Palsu . Jangan bilang ory kalo emang palsu . Menyesal mana banyak lagi yang gue beli,https://shopee.co.id/NATURE-REPUBLIC-REAL-NATURE-MASK-SHEET-BACA-DISCLAIMER-MASKER-KOREA-WAJAH-i.86681009.5338574174?sp_atk=38e2c999-bc21-4883-82ba-a94aeaec947a&xptdk=38e2c999-bc21-4883-82ba-a94aeaec947a
110,NATURE REPUBLIC REAL NATURE MASK SHEET BACA DISCLAIMER MASKER KOREA WAJAH,1,Gak ORI. Baunya beda banget lebih kyk lem. Yg asli green teanya nyengat dan seger ampe ke idung. Ini baunya aneh. Baru make 1 langsung curiga. Ternyata aku buru2 purchase ga liat nilai bintang satunya,https://shopee.co.id/NATURE-REPUBLIC-REAL-NATURE-MASK-SHEET-BACA-DISCLAIMER-MASKER-KOREA-WAJAH-i.86681009.5338574174?sp_atk=38e2c999-bc21-4883-82ba-a94aeaec947a&xptdk=38e2c999-bc21-4883-82ba-a94aeaec947a
111,NATURE REPUBLIC REAL NATURE MASK SHEET BACA DISCLAIMER MASKER KOREA WAJAH,5,Suka banget sama toko ini pertama kali belanja dan gw beli juga banyak macamnya tapi semua sesuai pesanan gak ada yang kurang maskernya juga bagus buat yang cari masker boleh di sini,https://shopee.co.id/NATURE-REPUBLIC-REAL-NATURE-MASK-SHEET-BACA-DISCLAIMER-MASKER-KOREA-WAJAH-i.86681009.5338574174?sp_atk=38e2c999-bc21-4883-82ba-a94aeaec947a&xptdk=38e2c999-bc21-4883-82ba-a94aeaec947a
112,NATURE REPUBLIC REAL NATURE MASK SHEET BACA DISCLAIMER MASKER KOREA WAJAH,5,Udah kesekiann kalinya beli sheet mask ditoko ini krn respon penjual cepat. Variannya juga banyak. Pokoknya suka jg dgn packagingnya. Terima kasih,https://shopee.co.id/NATURE-REPUBLIC-REAL-NATURE-MASK-SHEET-BACA-DISCLAIMER-MASKER-KOREA-WAJAH-i.86681009.5338574174?sp_atk=38e2c999-bc21-4883-82ba-a94aeaec947a&xptdk=38e2c999-bc21-4883-82ba-a94aeaec947a
113,NATURE REPUBLIC REAL NATURE MASK SHEET BACA DISCLAIMER MASKER KOREA WAJAH,5,"Barangnya sudah sampaii.. Ini baru pertama kali pesan di toko ini. Pengirimannya standart, packagingnya juga.. Next time bakalan pesan di sini lagii. Semoga kinerjanya tetep baguss.",https://shopee.co.id/NATURE-REPUBLIC-REAL-NATURE-MASK-SHEET-BACA-DISCLAIMER-MASKER-KOREA-WAJAH-i.86681009.5338574174?sp_atk=38e2c999-bc21-4883-82ba-a94aeaec947a&xptdk=38e2c999-bc21-4883-82ba-a94aeaec947a
114,NATURE REPUBLIC REAL NATURE MASK SHEET BACA DISCLAIMER MASKER KOREA WAJAH,5,"Barangnya ORI, semuanya Dateng dengan selamat tanpa ada kecacatan Kurirnya juga cepet banget aghhhhh><baru pesen 2hari lalu, trus tadi pagi jam 6 ada notif kalau barang lagi dikirim ke alamat tujuan, eh datengnya jam 1siang, cepet banget",https://shopee.co.id/NATURE-REPUBLIC-REAL-NATURE-MASK-SHEET-BACA-DISCLAIMER-MASKER-KOREA-WAJAH-i.86681009.5338574174?sp_atk=38e2c999-bc21-4883-82ba-a94aeaec947a&xptdk=38e2c999-bc21-4883-82ba-a94aeaec947a
115,NATURE REPUBLIC REAL NATURE MASK SHEET BACA DISCLAIMER MASKER KOREA WAJAH,5,"Produk sesuai pesanan, seller komunikatif menginfokan barang/varian yang tidak ada dan langsung menggantinya dengan menanyakan dahulu kepada customer pendapatnya untuk mengganti varian, tidak di kirim random, pertahankan amanah nya, terimakasih banyak seller, kurir dan shopee",https://shopee.co.id/NATURE-REPUBLIC-REAL-NATURE-MASK-SHEET-BACA-DISCLAIMER-MASKER-KOREA-WAJAH-i.86681009.5338574174?sp_atk=38e2c999-bc21-4883-82ba-a94aeaec947a&xptdk=38e2c999-bc21-4883-82ba-a94aeaec947a
116,NATURE REPUBLIC REAL NATURE MASK SHEET BACA DISCLAIMER MASKER KOREA WAJAH,5,Semoga bagus dan cocok di aku,https://shopee.co.id/NATURE-REPUBLIC-REAL-NATURE-MASK-SHEET-BACA-DISCLAIMER-MASKER-KOREA-WAJAH-i.86681009.5338574174?sp_atk=38e2c999-bc21-4883-82ba-a94aeaec947a&xptdk=38e2c999-bc21-4883-82ba-a94aeaec947a
117,NATURE REPUBLIC REAL NATURE MASK SHEET BACA DISCLAIMER MASKER KOREA WAJAH,5,"produk diterima dengan baik, pelayanan baik, pengiriman cepat. terima kasih",https://shopee.co.id/NATURE-REPUBLIC-REAL-NATURE-MASK-SHEET-BACA-DISCLAIMER-MASKER-KOREA-WAJAH-i.86681009.5338574174?sp_atk=38e2c999-bc21-4883-82ba-a94aeaec947a&xptdk=38e2c999-bc21-4883-82ba-a94aeaec947a
118,NATURE REPUBLIC REAL NATURE MASK SHEET BACA DISCLAIMER MASKER KOREA WAJAH,5,"Trimakasih , smoga cocok",https://shopee.co.id/NATURE-REPUBLIC-REAL-NATURE-MASK-SHEET-BACA-DISCLAIMER-MASKER-KOREA-WAJAH-i.86681009.5338574174?sp_atk=38e2c999-bc21-4883-82ba-a94aeaec947a&xptdk=38e2c999-bc21-4883-82ba-a94aeaec947a
119,NATURE REPUBLIC REAL NATURE MASK SHEET BACA DISCLAIMER MASKER KOREA WAJAH,5,"Aku selalu suka pake masker nature republic ini, tapi karna toko langgananku udah gak jual lagi, aku beralih ke toko ini, dan barangnya ori ya guys, udah kucek tuhh..ohhyaa aku bilang ke admin bro biar kirimnya cepat, dan volla 1 hari sampe kerumah..thankyy broo",https://shopee.co.id/NATURE-REPUBLIC-REAL-NATURE-MASK-SHEET-BACA-DISCLAIMER-MASKER-KOREA-WAJAH-i.86681009.5338574174?sp_atk=38e2c999-bc21-4883-82ba-a94aeaec947a&xptdk=38e2c999-bc21-4883-82ba-a94aeaec947a
120,NATURE REPUBLIC REAL NATURE MASK SHEET BACA DISCLAIMER MASKER KOREA WAJAH,5,"Terimakasi seller, semua pesanan baik ga ada yg kurang. Awalnya takut ini ga ori karna agak beda bentuk fisik nya dgn yg sy beli sblmnya, tp pas cek di internet kode nya ternyata ori. Next beli dsini yah..",https://shopee.co.id/NATURE-REPUBLIC-REAL-NATURE-MASK-SHEET-BACA-DISCLAIMER-MASKER-KOREA-WAJAH-i.86681009.5338574174?sp_atk=38e2c999-bc21-4883-82ba-a94aeaec947a&xptdk=38e2c999-bc21-4883-82ba-a94aeaec947a
121,NATURE REPUBLIC REAL NATURE MASK SHEET BACA DISCLAIMER MASKER KOREA WAJAH,4,"Barang yang di terima dalam keadaan baik dan sesuai pesanan. Pengemasan juga aman2 aja. Hanya saja saya yang kurang teliti, tergiur harga murce, dan ternyata pas di cek lagi belum Bpom. Saya kira semua barangnya udah BPOM. Mudah2an aja cocok & aman di kulit saya yang sensitif. Thanks",https://shopee.co.id/NATURE-REPUBLIC-REAL-NATURE-MASK-SHEET-BACA-DISCLAIMER-MASKER-KOREA-WAJAH-i.86681009.5338574174?sp_atk=38e2c999-bc21-4883-82ba-a94aeaec947a&xptdk=38e2c999-bc21-4883-82ba-a94aeaec947a
122,NATURE REPUBLIC REAL NATURE MASK SHEET BACA DISCLAIMER MASKER KOREA WAJAH,4,Aku belum tau yah cara ngebedain masker NR yg Ori sama yang Fake tapi harganya murah banget kalaupun ini ORI yah Alhamdulillah.. tapi gak ppa tetep Kya ada efek di muka aku walau gak terlihat signifikan,https://shopee.co.id/NATURE-REPUBLIC-REAL-NATURE-MASK-SHEET-BACA-DISCLAIMER-MASKER-KOREA-WAJAH-i.86681009.5338574174?sp_atk=38e2c999-bc21-4883-82ba-a94aeaec947a&xptdk=38e2c999-bc21-4883-82ba-a94aeaec947a
123,NATURE REPUBLIC REAL NATURE MASK SHEET BACA DISCLAIMER MASKER KOREA WAJAH,4,Barangnya ketumhanpahan bubuk kopi semua padahal harganya lumayan tolong dicek lagi sebelum pengiriman,https://shopee.co.id/NATURE-REPUBLIC-REAL-NATURE-MASK-SHEET-BACA-DISCLAIMER-MASKER-KOREA-WAJAH-i.86681009.5338574174?sp_atk=38e2c999-bc21-4883-82ba-a94aeaec947a&xptdk=38e2c999-bc21-4883-82ba-a94aeaec947a
124,NATURE REPUBLIC REAL NATURE MASK SHEET BACA DISCLAIMER MASKER KOREA WAJAH,4,"pengiriman produk sangat cepat dan produknya juga sesuai, tapi belum dipakai jadi will see nanti yaa. over all worth it si, terimkaasihh",https://shopee.co.id/NATURE-REPUBLIC-REAL-NATURE-MASK-SHEET-BACA-DISCLAIMER-MASKER-KOREA-WAJAH-i.86681009.5338574174?sp_atk=38e2c999-bc21-4883-82ba-a94aeaec947a&xptdk=38e2c999-bc21-4883-82ba-a94aeaec947a
125,NATURE REPUBLIC REAL NATURE MASK SHEET BACA DISCLAIMER MASKER KOREA WAJAH,4,"Semoga cocok dan ga bikin efek buruk di kulit. Pengirimannya lumayan lama, kurir ramah, ori. Tks seler",https://shopee.co.id/NATURE-REPUBLIC-REAL-NATURE-MASK-SHEET-BACA-DISCLAIMER-MASKER-KOREA-WAJAH-i.86681009.5338574174?sp_atk=38e2c999-bc21-4883-82ba-a94aeaec947a&xptdk=38e2c999-bc21-4883-82ba-a94aeaec947a
126,NATURE REPUBLIC REAL NATURE MASK SHEET BACA DISCLAIMER MASKER KOREA WAJAH,4,Suka bgt pake masker ini lumayan bikin kulit aq lembab dan ga kering Cuma pengiriman lumayan lama,https://shopee.co.id/NATURE-REPUBLIC-REAL-NATURE-MASK-SHEET-BACA-DISCLAIMER-MASKER-KOREA-WAJAH-i.86681009.5338574174?sp_atk=38e2c999-bc21-4883-82ba-a94aeaec947a&xptdk=38e2c999-bc21-4883-82ba-a94aeaec947a
127,NATURE REPUBLIC REAL NATURE MASK SHEET BACA DISCLAIMER MASKER KOREA WAJAH,4,Pengirimanlumayan hem kurir ramah tidak teriak teriak maskernya lumayan sesuai dengan harganya hehee tp mantul,https://shopee.co.id/NATURE-REPUBLIC-REAL-NATURE-MASK-SHEET-BACA-DISCLAIMER-MASKER-KOREA-WAJAH-i.86681009.5338574174?sp_atk=38e2c999-bc21-4883-82ba-a94aeaec947a&xptdk=38e2c999-bc21-4883-82ba-a94aeaec947a
128,NATURE REPUBLIC REAL NATURE MASK SHEET BACA DISCLAIMER MASKER KOREA WAJAH,4,Ini sangatlah amat keren banget good,https://shopee.co.id/NATURE-REPUBLIC-REAL-NATURE-MASK-SHEET-BACA-DISCLAIMER-MASKER-KOREA-WAJAH-i.86681009.5338574174?sp_atk=38e2c999-bc21-4883-82ba-a94aeaec947a&xptdk=38e2c999-bc21-4883-82ba-a94aeaec947a
129,NATURE REPUBLIC REAL NATURE MASK SHEET BACA DISCLAIMER MASKER KOREA WAJAH,4,Dingin kalo dipeke dan jadi keliatan lebih seger mukanya.Terimakasih,https://shopee.co.id/NATURE-REPUBLIC-REAL-NATURE-MASK-SHEET-BACA-DISCLAIMER-MASKER-KOREA-WAJAH-i.86681009.5338574174?sp_atk=38e2c999-bc21-4883-82ba-a94aeaec947a&xptdk=38e2c999-bc21-4883-82ba-a94aeaec947a
130,NATURE REPUBLIC REAL NATURE MASK SHEET BACA DISCLAIMER MASKER KOREA WAJAH,4,Pengiriman lumayan cepat dan packing rapi.,https://shopee.co.id/NATURE-REPUBLIC-REAL-NATURE-MASK-SHEET-BACA-DISCLAIMER-MASKER-KOREA-WAJAH-i.86681009.5338574174?sp_atk=38e2c999-bc21-4883-82ba-a94aeaec947a&xptdk=38e2c999-bc21-4883-82ba-a94aeaec947a
131,ROREC 86 / HCHANA NATURAL MASK MASKER SHEET,5,Blm d coba sih. Smoga cocok,https://shopee.co.id/ROREC-86-HCHANA-NATURAL-MASK-MASKER-SHEET-i.306591803.4551744462?sp_atk=93eb89ed-8993-4609-8c1a-24d549fcbecf&xptdk=93eb89ed-8993-4609-8c1a-24d549fcbecf
132,ROREC 86 / HCHANA NATURAL MASK MASKER SHEET,5,Alhamdulillah barang sudah sampai dengan slmat tidak rusak dalam keadaan baik.. Sukses barokah buat kita semua aamiin shope seller dan bng kurir.udah bosen pake serum kyk gk ada hasil semoga pake ini bgus.,https://shopee.co.id/ROREC-86-HCHANA-NATURAL-MASK-MASKER-SHEET-i.306591803.4551744462?sp_atk=93eb89ed-8993-4609-8c1a-24d549fcbecf&xptdk=93eb89ed-8993-4609-8c1a-24d549fcbecf
133,ROREC 86 / HCHANA NATURAL MASK MASKER SHEET,5,maaf yg ke foto cuma satu soalnya yg lain udah masuk kulkas hehe,https://shopee.co.id/ROREC-86-HCHANA-NATURAL-MASK-MASKER-SHEET-i.306591803.4551744462?sp_atk=93eb89ed-8993-4609-8c1a-24d549fcbecf&xptdk=93eb89ed-8993-4609-8c1a-24d549fcbecf
134,ROREC 86 / HCHANA NATURAL MASK MASKER SHEET,5,Alhamdulillah barang sdh sampai semoga cocok dan mantap,https://shopee.co.id/ROREC-86-HCHANA-NATURAL-MASK-MASKER-SHEET-i.306591803.4551744462?sp_atk=93eb89ed-8993-4609-8c1a-24d549fcbecf&xptdk=93eb89ed-8993-4609-8c1a-24d549fcbecf
135,ROREC 86 / HCHANA NATURAL MASK MASKER SHEET,4,Pesan banyak varian benar semua meski seller tidak balas chat,https://shopee.co.id/ROREC-86-HCHANA-NATURAL-MASK-MASKER-SHEET-i.306591803.4551744462?sp_atk=93eb89ed-8993-4609-8c1a-24d549fcbecf&xptdk=93eb89ed-8993-4609-8c1a-24d549fcbecf
136,ROREC 86 / HCHANA NATURAL MASK MASKER SHEET,4,"Peckingnya bagus dan aman,harganya terjangkau pengiriman paketya cepat,makasih seller",https://shopee.co.id/ROREC-86-HCHANA-NATURAL-MASK-MASKER-SHEET-i.306591803.4551744462?sp_atk=93eb89ed-8993-4609-8c1a-24d549fcbecf&xptdk=93eb89ed-8993-4609-8c1a-24d549fcbecf
137,ROREC 86 / HCHANA NATURAL MASK MASKER SHEET,4,"Pengiriman lumayan cepat, packingan rapih,barangnya gaada yg cacat.",https://shopee.co.id/ROREC-86-HCHANA-NATURAL-MASK-MASKER-SHEET-i.306591803.4551744462?sp_atk=93eb89ed-8993-4609-8c1a-24d549fcbecf&xptdk=93eb89ed-8993-4609-8c1a-24d549fcbecf
138,ROREC 86 / HCHANA NATURAL MASK MASKER SHEET,4,Alhamdulillah barang sudah sampai lumayan dengan harga segitu,https://shopee.co.id/ROREC-86-HCHANA-NATURAL-MASK-MASKER-SHEET-i.306591803.4551744462?sp_atk=93eb89ed-8993-4609-8c1a-24d549fcbecf&xptdk=93eb89ed-8993-4609-8c1a-24d549fcbecf
139,ROREC 86 / HCHANA NATURAL MASK MASKER SHEET,4,Bagus muka jdi semeleber banget uy hw. He.. Rekomended buat yinyari masker buat muka nya gan,https://shopee.co.id/ROREC-86-HCHANA-NATURAL-MASK-MASKER-SHEET-i.306591803.4551744462?sp_atk=93eb89ed-8993-4609-8c1a-24d549fcbecf&xptdk=93eb89ed-8993-4609-8c1a-24d549fcbecf
140,ROREC 86 / HCHANA NATURAL MASK MASKER SHEET,4,Lumayan cepat lah sampainya....,https://shopee.co.id/ROREC-86-HCHANA-NATURAL-MASK-MASKER-SHEET-i.306591803.4551744462?sp_atk=93eb89ed-8993-4609-8c1a-24d549fcbecf&xptdk=93eb89ed-8993-4609-8c1a-24d549fcbecf
141,ROREC 86 / HCHANA NATURAL MASK MASKER SHEET,4,shetmask aloevoranya ga dikirim pas di chat katanya kosong okey la tdinya ud kecewa alhamdulilah digantii jugaa thx reseller,https://shopee.co.id/ROREC-86-HCHANA-NATURAL-MASK-MASKER-SHEET-i.306591803.4551744462?sp_atk=93eb89ed-8993-4609-8c1a-24d549fcbecf&xptdk=93eb89ed-8993-4609-8c1a-24d549fcbecf
142,ROREC 86 / HCHANA NATURAL MASK MASKER SHEET,4,"Resfon penjual kurang baik sama skx g ada di gubris,orderan ga sesuai pesanan order apa yg datang ap,kecewa bngt mau ngasih bintang 2 tp bukan produk ny yg buruk melainkan resfon pnjual ny,pengiriman ny juga lama padahal satu kota baru kx ini sih merasa kecewa",https://shopee.co.id/ROREC-86-HCHANA-NATURAL-MASK-MASKER-SHEET-i.306591803.4551744462?sp_atk=93eb89ed-8993-4609-8c1a-24d549fcbecf&xptdk=93eb89ed-8993-4609-8c1a-24d549fcbecf
143,ROREC 86 / HCHANA NATURAL MASK MASKER SHEET,4,Kakak nya baik langsung ngerespon pembeli yg produk nya ngk lengkap trus dana nya langsung di kembalikan respon kakak ny jga ga kasar ,https://shopee.co.id/ROREC-86-HCHANA-NATURAL-MASK-MASKER-SHEET-i.306591803.4551744462?sp_atk=93eb89ed-8993-4609-8c1a-24d549fcbecf&xptdk=93eb89ed-8993-4609-8c1a-24d549fcbecf
144,ROREC 86 / HCHANA NATURAL MASK MASKER SHEET,4,"Ini masker nya bagus sih, tp sayangnya katanya blum bpom",https://shopee.co.id/ROREC-86-HCHANA-NATURAL-MASK-MASKER-SHEET-i.306591803.4551744462?sp_atk=93eb89ed-8993-4609-8c1a-24d549fcbecf&xptdk=93eb89ed-8993-4609-8c1a-24d549fcbecf
145,ROREC 86 / HCHANA NATURAL MASK MASKER SHEET,4,Sesuai pesanan makasih seller,https://shopee.co.id/ROREC-86-HCHANA-NATURAL-MASK-MASKER-SHEET-i.306591803.4551744462?sp_atk=93eb89ed-8993-4609-8c1a-24d549fcbecf&xptdk=93eb89ed-8993-4609-8c1a-24d549fcbecf
146,ROREC 86 / HCHANA NATURAL MASK MASKER SHEET,3,Kebahagiaan wanita bngt ahaha masker banyak harga sesuai kantong ahaha,https://shopee.co.id/ROREC-86-HCHANA-NATURAL-MASK-MASKER-SHEET-i.306591803.4551744462?sp_atk=93eb89ed-8993-4609-8c1a-24d549fcbecf&xptdk=93eb89ed-8993-4609-8c1a-24d549fcbecf
147,ROREC 86 / HCHANA NATURAL MASK MASKER SHEET,2,Saya pesan madu tapi datang nya malah lain kecewa sii madu nya gk ada sama sekali tapi gpp jumlah nya pas,https://shopee.co.id/ROREC-86-HCHANA-NATURAL-MASK-MASKER-SHEET-i.306591803.4551744462?sp_atk=93eb89ed-8993-4609-8c1a-24d549fcbecf&xptdk=93eb89ed-8993-4609-8c1a-24d549fcbecf
148,ROREC 86 / HCHANA NATURAL MASK MASKER SHEET,2,Produknya sih bagus Gitu aja,https://shopee.co.id/ROREC-86-HCHANA-NATURAL-MASK-MASKER-SHEET-i.306591803.4551744462?sp_atk=93eb89ed-8993-4609-8c1a-24d549fcbecf&xptdk=93eb89ed-8993-4609-8c1a-24d549fcbecf
149,ROREC 86 / HCHANA NATURAL MASK MASKER SHEET,2,"Jadi brutusan,nyesel beli",https://shopee.co.id/ROREC-86-HCHANA-NATURAL-MASK-MASKER-SHEET-i.306591803.4551744462?sp_atk=93eb89ed-8993-4609-8c1a-24d549fcbecf&xptdk=93eb89ed-8993-4609-8c1a-24d549fcbecf
150,ROREC 86 / HCHANA NATURAL MASK MASKER SHEET,2,Minta di campur tpi malah satu macam,https://shopee.co.id/ROREC-86-HCHANA-NATURAL-MASK-MASKER-SHEET-i.306591803.4551744462?sp_atk=93eb89ed-8993-4609-8c1a-24d549fcbecf&xptdk=93eb89ed-8993-4609-8c1a-24d549fcbecf
151,Maskerbylea 20 Gram Masker Bubuk by Lea Gloria 10 Varian - BPOM,4,tapi farpum nya saya psn yg valila dtg beda lain kali kalo kosong konfirmasi dulu yg lain nya sesuai,https://shopee.co.id/Maskerbylea-20-Gram-Masker-Bubuk-by-Lea-Gloria-10-Varian-BPOM-i.27691052.1516836681?sp_atk=f57980c7-1b43-428d-9568-fd840df83481&xptdk=f57980c7-1b43-428d-9568-fd840df83481
152,Maskerbylea 20 Gram Masker Bubuk by Lea Gloria 10 Varian - BPOM,4,Adminnya ramah bgttt. Pengiriman nya jg cpt. Syg nya disini tertulis tiap masker dgn sama kuas masker tp pas sampai tidak ada satu pun pdhl aku beli tiga. Terimakasih,https://shopee.co.id/Maskerbylea-20-Gram-Masker-Bubuk-by-Lea-Gloria-10-Varian-BPOM-i.27691052.1516836681?sp_atk=f57980c7-1b43-428d-9568-fd840df83481&xptdk=f57980c7-1b43-428d-9568-fd840df83482
153,Maskerbylea 20 Gram Masker Bubuk by Lea Gloria 10 Varian - BPOM,4,"Barang lengkap, pengemasan rapi & aman. Awal order sempat kesal karna statusnya dikemas selama 1 minggu, dan tiba2 di batalkan sepihak. Katanya sih dari shopee nya, ngk tw jg sih apa masalahnya, pas order lagi cepat banget sampenya. Terima kasih.",https://shopee.co.id/Maskerbylea-20-Gram-Masker-Bubuk-by-Lea-Gloria-10-Varian-BPOM-i.27691052.1516836681?sp_atk=f57980c7-1b43-428d-9568-fd840df83481&xptdk=f57980c7-1b43-428d-9568-fd840df83483
154,Maskerbylea 20 Gram Masker Bubuk by Lea Gloria 10 Varian - BPOM,4,"Produk bagus yah, original, dn ini murah dg kualitas yg mnurut ku oke bnget lah, next order dsni lagi. Makasih yah giftnya. Nga nyesal blnja di toko ini",https://shopee.co.id/Maskerbylea-20-Gram-Masker-Bubuk-by-Lea-Gloria-10-Varian-BPOM-i.27691052.1516836681?sp_atk=f57980c7-1b43-428d-9568-fd840df83481&xptdk=f57980c7-1b43-428d-9568-fd840df83484
155,Maskerbylea 20 Gram Masker Bubuk by Lea Gloria 10 Varian - BPOM,4,Udah sampe tapi agak kecewa karna yang golden beauty katanya ada sama kuasnya tapi pas sampe nggk ada kuasnya,https://shopee.co.id/Maskerbylea-20-Gram-Masker-Bubuk-by-Lea-Gloria-10-Varian-BPOM-i.27691052.1516836681?sp_atk=f57980c7-1b43-428d-9568-fd840df83481&xptdk=f57980c7-1b43-428d-9568-fd840df83485
156,Maskerbylea 20 Gram Masker Bubuk by Lea Gloria 10 Varian - BPOM,4,"Barangnya sampai dengan selamat baik sesuai dengan gambar,terus dikasih bonus kuas masker aku suka",https://shopee.co.id/Maskerbylea-20-Gram-Masker-Bubuk-by-Lea-Gloria-10-Varian-BPOM-i.27691052.1516836681?sp_atk=f57980c7-1b43-428d-9568-fd840df83481&xptdk=f57980c7-1b43-428d-9568-fd840df83486
157,Maskerbylea 20 Gram Masker Bubuk by Lea Gloria 10 Varian - BPOM,4,"udah bagus,tapi masker yg di terima tdk sesuai jumlahnya. mohon lebih teliti lagi",https://shopee.co.id/Maskerbylea-20-Gram-Masker-Bubuk-by-Lea-Gloria-10-Varian-BPOM-i.27691052.1516836681?sp_atk=f57980c7-1b43-428d-9568-fd840df83481&xptdk=f57980c7-1b43-428d-9568-fd840df83487
158,Maskerbylea 20 Gram Masker Bubuk by Lea Gloria 10 Varian - BPOM,4,"Yeay dapet 1 gift masker, pengiriman lumayan lama mungkin karna 1212. Baru pertama kali order semoga cocok di muka aku, bakal jd langganan kalo cocok.",https://shopee.co.id/Maskerbylea-20-Gram-Masker-Bubuk-by-Lea-Gloria-10-Varian-BPOM-i.27691052.1516836681?sp_atk=f57980c7-1b43-428d-9568-fd840df83481&xptdk=f57980c7-1b43-428d-9568-fd840df83488
159,Maskerbylea 20 Gram Masker Bubuk by Lea Gloria 10 Varian - BPOM,3,"demi apapun ini lucu bgt packagingnya, kenapa sii cewe suka bgt ama yg lucu2 why?!!!! yg 50gr ternyata lumayan gede dan ada ziplocknyaa. Mantul dpt kuas jugaa, seri terbarunya lebih bagus gitu gengs gemes bgttt",https://shopee.co.id/Maskerbylea-20-Gram-Masker-Bubuk-by-Lea-Gloria-10-Varian-BPOM-i.27691052.1516836681?sp_atk=f57980c7-1b43-428d-9568-fd840df83481&xptdk=f57980c7-1b43-428d-9568-fd840df83489
160,Maskerbylea 20 Gram Masker Bubuk by Lea Gloria 10 Varian - BPOM,3,"Di cara pemakaian ditulis ""tuangkan satu sendok masker dan air matang"" mnrtku kurang jelas, hrsnya ditulis lbh spesifik misalnya ""satu sendok makan/satu sendok teh"" lalu perbandingan sm airnya brp. Krn saya br pertama kali pk masker bubuk jd gak tau teksturnya hrs spt apa, apakah cair atau kental",https://shopee.co.id/Maskerbylea-20-Gram-Masker-Bubuk-by-Lea-Gloria-10-Varian-BPOM-i.27691052.1516836681?sp_atk=f57980c7-1b43-428d-9568-fd840df83481&xptdk=f57980c7-1b43-428d-9568-fd840df83490
161,Maskerbylea 20 Gram Masker Bubuk by Lea Gloria 10 Varian - BPOM,3,"Pesanannya lengkap semua,tapi sayang ada 1 masker yang bocor,ga tau dimana salahnya,pengirimannya aman soalnya buble warpnya tebel,tapi semuanya ok kok",https://shopee.co.id/Maskerbylea-20-Gram-Masker-Bubuk-by-Lea-Gloria-10-Varian-BPOM-i.27691052.1516836681?sp_atk=f57980c7-1b43-428d-9568-fd840df83481&xptdk=f57980c7-1b43-428d-9568-fd840df83491
162,Maskerbylea 20 Gram Masker Bubuk by Lea Gloria 10 Varian - BPOM,3,"beda sama yang dulu, masker agak kental",https://shopee.co.id/Maskerbylea-20-Gram-Masker-Bubuk-by-Lea-Gloria-10-Varian-BPOM-i.27691052.1516836681?sp_atk=f57980c7-1b43-428d-9568-fd840df83481&xptdk=f57980c7-1b43-428d-9568-fd840df83492
163,Maskerbylea 20 Gram Masker Bubuk by Lea Gloria 10 Varian - BPOM,3,aku nggak tau ini ori ato nggak soalny tu maskerny tu dirapikanny tu nggak rapi gitu ,https://shopee.co.id/Maskerbylea-20-Gram-Masker-Bubuk-by-Lea-Gloria-10-Varian-BPOM-i.27691052.1516836681?sp_atk=f57980c7-1b43-428d-9568-fd840df83481&xptdk=f57980c7-1b43-428d-9568-fd840df83493
164,Maskerbylea 20 Gram Masker Bubuk by Lea Gloria 10 Varian - BPOM,3,"Alhamdulillah barangnya sudah sampai, harganya murah, worth it, kualitasnya juga lumayan bagus dengan harga segitu",https://shopee.co.id/Maskerbylea-20-Gram-Masker-Bubuk-by-Lea-Gloria-10-Varian-BPOM-i.27691052.1516836681?sp_atk=f57980c7-1b43-428d-9568-fd840df83481&xptdk=f57980c7-1b43-428d-9568-fd840df83494
165,Maskerbylea 20 Gram Masker Bubuk by Lea Gloria 10 Varian - BPOM,3,Maskernya lecek main masukin aja sama mangkok jadinya kehimpit dan jadi lecek,https://shopee.co.id/Maskerbylea-20-Gram-Masker-Bubuk-by-Lea-Gloria-10-Varian-BPOM-i.27691052.1516836681?sp_atk=f57980c7-1b43-428d-9568-fd840df83481&xptdk=f57980c7-1b43-428d-9568-fd840df83495
166,Maskerbylea 20 Gram Masker Bubuk by Lea Gloria 10 Varian - BPOM,3,"Di etalase tertulis beli 1 gratis 1 cermin, tapi saya beli banyak cuma dapet satu cermin. Ga ngerti, di luar ekspektasi ?? mungkin saya salah paham",https://shopee.co.id/Maskerbylea-20-Gram-Masker-Bubuk-by-Lea-Gloria-10-Varian-BPOM-i.27691052.1516836681?sp_atk=f57980c7-1b43-428d-9568-fd840df83481&xptdk=f57980c7-1b43-428d-9568-fd840df83496
167,Maskerbylea 20 Gram Masker Bubuk by Lea Gloria 10 Varian - BPOM,3,kak ini knpa ya saya pesan 2 masker tpi yg dtng cuma satu? ,https://shopee.co.id/Maskerbylea-20-Gram-Masker-Bubuk-by-Lea-Gloria-10-Varian-BPOM-i.27691052.1516836681?sp_atk=f57980c7-1b43-428d-9568-fd840df83481&xptdk=f57980c7-1b43-428d-9568-fd840df83497
168,Maskerbylea 20 Gram Masker Bubuk by Lea Gloria 10 Varian - BPOM,3,Alhamdulillah sudah terima walaupun agak terbuka sedikit dan tidak lengkap tapi di kirimkan ulang makasih ya,https://shopee.co.id/Maskerbylea-20-Gram-Masker-Bubuk-by-Lea-Gloria-10-Varian-BPOM-i.27691052.1516836681?sp_atk=f57980c7-1b43-428d-9568-fd840df83481&xptdk=f57980c7-1b43-428d-9568-fd840df83498
169,Maskerbylea 20 Gram Masker Bubuk by Lea Gloria 10 Varian - BPOM,2,"ko gada fre giftnya niiii, sblm msukin kranjng ktanya dpet gift tipu toh hahaha pdhl lbh btuh giftnya canda xixi. pengiriman lamaaaaaa",https://shopee.co.id/Maskerbylea-20-Gram-Masker-Bubuk-by-Lea-Gloria-10-Varian-BPOM-i.27691052.1516836681?sp_atk=f57980c7-1b43-428d-9568-fd840df83481&xptdk=f57980c7-1b43-428d-9568-fd840df83499
170,Maskerbylea 20 Gram Masker Bubuk by Lea Gloria 10 Varian - BPOM,2,Diketerangan ada kuas maskernya ternyata zonk,https://shopee.co.id/Maskerbylea-20-Gram-Masker-Bubuk-by-Lea-Gloria-10-Varian-BPOM-i.27691052.1516836681?sp_atk=f57980c7-1b43-428d-9568-fd840df83481&xptdk=f57980c7-1b43-428d-9568-fd840df83500
171,Maskerbylea 20 Gram Masker Bubuk by Lea Gloria 10 Varian - BPOM,2,"Produknya kurang 1 nii, yg ice ga ada sm rollan jg ga ada jd kurang 2 item:( Kecewa. Bukannya ga iklas uang melayang 10k tp seenggaknya kabarin kalo ga ada, usaha refund uang kek apa kek. Lah ini dichat malah ga respon, padahal lg online. Mana yg ice punya tmn nitip, mala jd gw nombokin hdeh moms..",https://shopee.co.id/Maskerbylea-20-Gram-Masker-Bubuk-by-Lea-Gloria-10-Varian-BPOM-i.27691052.1516836681?sp_atk=f57980c7-1b43-428d-9568-fd840df83481&xptdk=f57980c7-1b43-428d-9568-fd840df83501
172,Maskerbylea 20 Gram Masker Bubuk by Lea Gloria 10 Varian - BPOM,2,"Penjual ga ramah gabalas permintaan, pengantaran lamaaaaaa banget sampe hampir mikir paketnya keknya gaakan sampe, tapi suka sama barangnya thankyou",https://shopee.co.id/Maskerbylea-20-Gram-Masker-Bubuk-by-Lea-Gloria-10-Varian-BPOM-i.27691052.1516836681?sp_atk=f57980c7-1b43-428d-9568-fd840df83481&xptdk=f57980c7-1b43-428d-9568-fd840df83502
173,Maskerbylea 20 Gram Masker Bubuk by Lea Gloria 10 Varian - BPOM,2,"Kemasannya ada yg udah lepek,kaya udah terlalu lama terus kaya yg kena air.Di tingkatkan lagi yaa .. yg sekarang kemasannya juga kura rapi.Jadi menurun yaa Pengirimannya lamaa..",https://shopee.co.id/Maskerbylea-20-Gram-Masker-Bubuk-by-Lea-Gloria-10-Varian-BPOM-i.27691052.1516836681?sp_atk=f57980c7-1b43-428d-9568-fd840df83481&xptdk=f57980c7-1b43-428d-9568-fd840df83503
174,Maskerbylea 20 Gram Masker Bubuk by Lea Gloria 10 Varian - BPOM,2,"Baru kali ini ya belanja online shop, pengiriman tangerang-bekasi aj harus nunggu lamaaa. Order tgl 3,tgl 8 baru sampe. Berasa beli di luar negriiiiii",https://shopee.co.id/Maskerbylea-20-Gram-Masker-Bubuk-by-Lea-Gloria-10-Varian-BPOM-i.27691052.1516836681?sp_atk=f57980c7-1b43-428d-9568-fd840df83481&xptdk=f57980c7-1b43-428d-9568-fd840df83504
175,Maskerbylea 20 Gram Masker Bubuk by Lea Gloria 10 Varian - BPOM,2,"Masker nya bocor, ngak bisa dipakai sama sekali, di chat gk dibales2",https://shopee.co.id/Maskerbylea-20-Gram-Masker-Bubuk-by-Lea-Gloria-10-Varian-BPOM-i.27691052.1516836681?sp_atk=f57980c7-1b43-428d-9568-fd840df83481&xptdk=f57980c7-1b43-428d-9568-fd840df83505
176,Maskerbylea 20 Gram Masker Bubuk by Lea Gloria 10 Varian - BPOM,2,Ini banyak banget yang kurang,https://shopee.co.id/Maskerbylea-20-Gram-Masker-Bubuk-by-Lea-Gloria-10-Varian-BPOM-i.27691052.1516836681?sp_atk=f57980c7-1b43-428d-9568-fd840df83481&xptdk=f57980c7-1b43-428d-9568-fd840df83506
177,Maskerbylea 20 Gram Masker Bubuk by Lea Gloria 10 Varian - BPOM,2,saya pesen 3 masker yg free gift kuas masker tp ko gaada satupun yg dikasi gift nya ya min,https://shopee.co.id/Maskerbylea-20-Gram-Masker-Bubuk-by-Lea-Gloria-10-Varian-BPOM-i.27691052.1516836681?sp_atk=f57980c7-1b43-428d-9568-fd840df83481&xptdk=f57980c7-1b43-428d-9568-fd840df83507
178,Maskerbylea 20 Gram Masker Bubuk by Lea Gloria 10 Varian - BPOM,2,Variant strawberry 4pcs ngga ada,https://shopee.co.id/Maskerbylea-20-Gram-Masker-Bubuk-by-Lea-Gloria-10-Varian-BPOM-i.27691052.1516836681?sp_atk=f57980c7-1b43-428d-9568-fd840df83481&xptdk=f57980c7-1b43-428d-9568-fd840df83508
179,Masker Wajah HCHANA Natural Sheet Skin Care Facial Mask Organik Original Snail Korea Pelembab Wajah,2,"Tokonya gak amanah satu barang gak dikirim,minta ditf aja gak bisa ,tau barang kosong juga gak ada niat baik nyelipin uang ,pokoknya saya kecewa meski uang gak seberapa tapi bikin kecewa karna gak amanah,lain kali gak LG beli disini,bikin kapok aja",https://shopee.co.id/Masker-Wajah-HCHANA-Natural-Sheet-Skin-Care-Facial-Mask-Organik-Original-Snail-Korea-Pelembab-Wajah-i.31169310.8711342433?sp_atk=4b04c572-eb30-4f03-9e14-c082df7ae9ef&xptdk=4b04c572-eb30-4f03-9e14-c082df7ae9ef
180,Masker Wajah HCHANA Natural Sheet Skin Care Facial Mask Organik Original Snail Korea Pelembab Wajah,2,"Cuman gasuka aja 1x dikasih bluberry semua ok saya maklum gpp, trus 2x blueberry semua lg, dan cmn lidah buaya 3 biji,, eh skrng order lagi malah bluberry semua!!!! Saya udah chat mau all varian tpi gadi respond hadehhhh !!!! Gabisa plih varian sendiri juga ,,,jngn bgini lah sist / bro yg dagang",https://shopee.co.id/Masker-Wajah-HCHANA-Natural-Sheet-Skin-Care-Facial-Mask-Organik-Original-Snail-Korea-Pelembab-Wajah-i.31169310.8711342433?sp_atk=4b04c572-eb30-4f03-9e14-c082df7ae9ef&xptdk=4b04c572-eb30-4f03-9e14-c082df7ae9ef
181,Masker Wajah HCHANA Natural Sheet Skin Care Facial Mask Organik Original Snail Korea Pelembab Wajah,2,"Pesen headset macaron 3 biji di kirim cuma 2,struknya jg nyetak cuma 2 padahal jelas2 pesen headset macaron 3 biji,tempelan penahan pintu jg gak di kirim.cukup sekali blanja di sini gk lagi? deh.",https://shopee.co.id/Masker-Wajah-HCHANA-Natural-Sheet-Skin-Care-Facial-Mask-Organik-Original-Snail-Korea-Pelembab-Wajah-i.31169310.8711342433?sp_atk=4b04c572-eb30-4f03-9e14-c082df7ae9ef&xptdk=4b04c572-eb30-4f03-9e14-c082df7ae9ef
182,Masker Wajah HCHANA Natural Sheet Skin Care Facial Mask Organik Original Snail Korea Pelembab Wajah,2,"Tidak sesuai ngmong random ,tapi di kirim rasa lidah buaya semua . Satu nggak ada rasa yg lain",https://shopee.co.id/Masker-Wajah-HCHANA-Natural-Sheet-Skin-Care-Facial-Mask-Organik-Original-Snail-Korea-Pelembab-Wajah-i.31169310.8711342433?sp_atk=4b04c572-eb30-4f03-9e14-c082df7ae9ef&xptdk=4b04c572-eb30-4f03-9e14-c082df7ae9ef
183,Masker Wajah HCHANA Natural Sheet Skin Care Facial Mask Organik Original Snail Korea Pelembab Wajah,2,"Minta kirim semua varian , sdh d tulis d catatannya , tp yg d kiirm 1 varian saja",https://shopee.co.id/Masker-Wajah-HCHANA-Natural-Sheet-Skin-Care-Facial-Mask-Organik-Original-Snail-Korea-Pelembab-Wajah-i.31169310.8711342433?sp_atk=4b04c572-eb30-4f03-9e14-c082df7ae9ef&xptdk=4b04c572-eb30-4f03-9e14-c082df7ae9ef
184,Masker Wajah HCHANA Natural Sheet Skin Care Facial Mask Organik Original Snail Korea Pelembab Wajah,2,Ini barangnya datangny satu varian .sdh gitu yg dikirim varian olive smua yg jarang dminati.kecewa bngt saya,https://shopee.co.id/Masker-Wajah-HCHANA-Natural-Sheet-Skin-Care-Facial-Mask-Organik-Original-Snail-Korea-Pelembab-Wajah-i.31169310.8711342433?sp_atk=4b04c572-eb30-4f03-9e14-c082df7ae9ef&xptdk=4b04c572-eb30-4f03-9e14-c082df7ae9ef
185,Masker Wajah HCHANA Natural Sheet Skin Care Facial Mask Organik Original Snail Korea Pelembab Wajah,2,minta yg rendom ko yg datang sama semua,https://shopee.co.id/Masker-Wajah-HCHANA-Natural-Sheet-Skin-Care-Facial-Mask-Organik-Original-Snail-Korea-Pelembab-Wajah-i.31169310.8711342433?sp_atk=4b04c572-eb30-4f03-9e14-c082df7ae9ef&xptdk=4b04c572-eb30-4f03-9e14-c082df7ae9ef
186,Masker Wajah HCHANA Natural Sheet Skin Care Facial Mask Organik Original Snail Korea Pelembab Wajah,3,"semua lengkap barang aman ga ada yg rusak, tapi cuma sekedar saran pas buka paket langsung semerbak wangi stella jeruk kuat banget aku mual tolong ya min ga semua suka wangi stela jerukk",https://shopee.co.id/Masker-Wajah-HCHANA-Natural-Sheet-Skin-Care-Facial-Mask-Organik-Original-Snail-Korea-Pelembab-Wajah-i.31169310.8711342433?sp_atk=4b04c572-eb30-4f03-9e14-c082df7ae9ef&xptdk=4b04c572-eb30-4f03-9e14-c082df7ae9ef
187,Masker Wajah HCHANA Natural Sheet Skin Care Facial Mask Organik Original Snail Korea Pelembab Wajah,3,"Bagus, tampilan ga ad ayang rusak maupun lecet, semoga aja ga mudah rusakk. Lumayan lah soalnya kecepatan barangnya benar-benar cepat 1 hari sudah sampai",https://shopee.co.id/Masker-Wajah-HCHANA-Natural-Sheet-Skin-Care-Facial-Mask-Organik-Original-Snail-Korea-Pelembab-Wajah-i.31169310.8711342433?sp_atk=4b04c572-eb30-4f03-9e14-c082df7ae9ef&xptdk=4b04c572-eb30-4f03-9e14-c082df7ae9ef
188,Masker Wajah HCHANA Natural Sheet Skin Care Facial Mask Organik Original Snail Korea Pelembab Wajah,3,Jujur sih kecewa dgn expedisi nya hampir sebulan smpek nya dan kecewa jga sma toko nya emang sih random tpi masak 10 masker mask nya olive smua ini mah ngga random nma nya,https://shopee.co.id/Masker-Wajah-HCHANA-Natural-Sheet-Skin-Care-Facial-Mask-Organik-Original-Snail-Korea-Pelembab-Wajah-i.31169310.8711342433?sp_atk=4b04c572-eb30-4f03-9e14-c082df7ae9ef&xptdk=4b04c572-eb30-4f03-9e14-c082df7ae9ef
189,Masker Wajah HCHANA Natural Sheet Skin Care Facial Mask Organik Original Snail Korea Pelembab Wajah,3,"Aku mesennya yg random tp kok variannya sama semua padahal di situ di opsi pilihan tertulis random, kesel banget aku nya, di situ pulak udah ku blg di cancel kolo kaka random tp msh di kirim juga,",https://shopee.co.id/Masker-Wajah-HCHANA-Natural-Sheet-Skin-Care-Facial-Mask-Organik-Original-Snail-Korea-Pelembab-Wajah-i.31169310.8711342433?sp_atk=4b04c572-eb30-4f03-9e14-c082df7ae9ef&xptdk=4b04c572-eb30-4f03-9e14-c082df7ae9ef
190,Masker Wajah HCHANA Natural Sheet Skin Care Facial Mask Organik Original Snail Korea Pelembab Wajah,3,Untuk pengemasan lumayan cepat dan pengiriman nya yang lama.. harga lumayan murah sesuai lah.. varian yg dikirim sama semua agak kecewa,https://shopee.co.id/Masker-Wajah-HCHANA-Natural-Sheet-Skin-Care-Facial-Mask-Organik-Original-Snail-Korea-Pelembab-Wajah-i.31169310.8711342433?sp_atk=4b04c572-eb30-4f03-9e14-c082df7ae9ef&xptdk=4b04c572-eb30-4f03-9e14-c082df7ae9ef
191,Masker Wajah HCHANA Natural Sheet Skin Care Facial Mask Organik Original Snail Korea Pelembab Wajah,3,Pengirimannya lama kali udah lewat waktu yang ditentukan oleh shopee y,https://shopee.co.id/Masker-Wajah-HCHANA-Natural-Sheet-Skin-Care-Facial-Mask-Organik-Original-Snail-Korea-Pelembab-Wajah-i.31169310.8711342433?sp_atk=4b04c572-eb30-4f03-9e14-c082df7ae9ef&xptdk=4b04c572-eb30-4f03-9e14-c082df7ae9ef
192,Masker Wajah HCHANA Natural Sheet Skin Care Facial Mask Organik Original Snail Korea Pelembab Wajah,3,Bagusss,https://shopee.co.id/Masker-Wajah-HCHANA-Natural-Sheet-Skin-Care-Facial-Mask-Organik-Original-Snail-Korea-Pelembab-Wajah-i.31169310.8711342433?sp_atk=4b04c572-eb30-4f03-9e14-c082df7ae9ef&xptdk=4b04c572-eb30-4f03-9e14-c082df7ae9ef
193,Masker Wajah HCHANA Natural Sheet Skin Care Facial Mask Organik Original Snail Korea Pelembab Wajah,3,"Sedikit kecewa , karena yg di kasih hanya 1 varian , padahalkan random ",https://shopee.co.id/Masker-Wajah-HCHANA-Natural-Sheet-Skin-Care-Facial-Mask-Organik-Original-Snail-Korea-Pelembab-Wajah-i.31169310.8711342433?sp_atk=4b04c572-eb30-4f03-9e14-c082df7ae9ef&xptdk=4b04c572-eb30-4f03-9e14-c082df7ae9ef
194,Masker Wajah HCHANA Natural Sheet Skin Care Facial Mask Organik Original Snail Korea Pelembab Wajah,3,Katanya random ternyata yang dikirim semuanya satu item....kecewa.....,https://shopee.co.id/Masker-Wajah-HCHANA-Natural-Sheet-Skin-Care-Facial-Mask-Organik-Original-Snail-Korea-Pelembab-Wajah-i.31169310.8711342433?sp_atk=4b04c572-eb30-4f03-9e14-c082df7ae9ef&xptdk=4b04c572-eb30-4f03-9e14-c082df7ae9ef
195,Masker Wajah HCHANA Natural Sheet Skin Care Facial Mask Organik Original Snail Korea Pelembab Wajah,3,Sedikit kecewa di kirim random kira aku di selingin eh taunya dikirim 1 tiype begini,https://shopee.co.id/Masker-Wajah-HCHANA-Natural-Sheet-Skin-Care-Facial-Mask-Organik-Original-Snail-Korea-Pelembab-Wajah-i.31169310.8711342433?sp_atk=4b04c572-eb30-4f03-9e14-c082df7ae9ef&xptdk=4b04c572-eb30-4f03-9e14-c082df7ae9ef
196,Masker Wajah HCHANA Natural Sheet Skin Care Facial Mask Organik Original Snail Korea Pelembab Wajah,3,"Kalo dikirim nya blueberry semua kenapa variasinya diketik RANDOM, ",https://shopee.co.id/Masker-Wajah-HCHANA-Natural-Sheet-Skin-Care-Facial-Mask-Organik-Original-Snail-Korea-Pelembab-Wajah-i.31169310.8711342433?sp_atk=4b04c572-eb30-4f03-9e14-c082df7ae9ef&xptdk=4b04c572-eb30-4f03-9e14-c082df7ae9ef
197,Masker Wajah HCHANA Natural Sheet Skin Care Facial Mask Organik Original Snail Korea Pelembab Wajah,3,"Pengiriman cepet, barang aman. Tapi chat ga direspon. Thankyouuu",https://shopee.co.id/Masker-Wajah-HCHANA-Natural-Sheet-Skin-Care-Facial-Mask-Organik-Original-Snail-Korea-Pelembab-Wajah-i.31169310.8711342433?sp_atk=4b04c572-eb30-4f03-9e14-c082df7ae9ef&xptdk=4b04c572-eb30-4f03-9e14-c082df7ae9ef
198,Masker Wajah HCHANA Natural Sheet Skin Care Facial Mask Organik Original Snail Korea Pelembab Wajah,3,"Alhamdulillah paket nya udh nyampe tp sayang saya minta nya RANDOM yg datang cuman 1 warna yg ijo semua lagi,,gmna sih mba gk baca dulu apa pesanan nya apa",https://shopee.co.id/Masker-Wajah-HCHANA-Natural-Sheet-Skin-Care-Facial-Mask-Organik-Original-Snail-Korea-Pelembab-Wajah-i.31169310.8711342433?sp_atk=4b04c572-eb30-4f03-9e14-c082df7ae9ef&xptdk=4b04c572-eb30-4f03-9e14-c082df7ae9ef
199,Masker Wajah HCHANA Natural Sheet Skin Care Facial Mask Organik Original Snail Korea Pelembab Wajah,3,Agak kcewa sih yg dia krim cuma 1 varian trus sy pesan 10pcs trus sy sdh pilih2 varian kok yg dia krim cuma 1varian,https://shopee.co.id/Masker-Wajah-HCHANA-Natural-Sheet-Skin-Care-Facial-Mask-Organik-Original-Snail-Korea-Pelembab-Wajah-i.31169310.8711342433?sp_atk=4b04c572-eb30-4f03-9e14-c082df7ae9ef&xptdk=4b04c572-eb30-4f03-9e14-c082df7ae9ef
200,Masker Wajah HCHANA Natural Sheet Skin Care Facial Mask Organik Original Snail Korea Pelembab Wajah,3,bagus sih produk nya sdh 2 kali belli tapi knp kali ini ga random maskernya. satu varian.,https://shopee.co.id/Masker-Wajah-HCHANA-Natural-Sheet-Skin-Care-Facial-Mask-Organik-Original-Snail-Korea-Pelembab-Wajah-i.31169310.8711342433?sp_atk=4b04c572-eb30-4f03-9e14-c082df7ae9ef&xptdk=4b04c572-eb30-4f03-9e14-c082df7ae9ef
